success,score,reason
True,0.85,"[
	The agent correctly selected the 'create_session' tool, which is the only appropriate tool for creating a network slice reservation. The arguments were well-constructed: maxNumOfDevices=40, downStreamRatePerDevice with value=120 and unit='Mbps', and downStreamDelayBudget with value=15 and unit='Milliseconds' — all matching the user's request. The agent correctly left serviceTime and serviceArea as null (not specified by user), and left upStreamRatePerDevice and upStreamDelayBudget as null (not requested). The unit for the delay budget was correctly interpreted as 'ms' → 'Milliseconds'. The only minor note is that for video journalists transmitting live footage, upstream rate might be more relevant than downstream (they're sending footage out), but the user explicitly said 'downstream rates of 120 Mbps', so the agent correctly followed the user's specification without fabricating values. Tool selection and parameterization were appropriate.
	The agent correctly called `create_session` with well-structured arguments that largely match the user's request and the tool's expected schema. Specifically: (1) `maxNumOfDevices` is correctly set to 40, matching the user's 'up to 40 devices'. (2) `downStreamRatePerDevice` is correctly set to {value: 120, unit: 'Mbps'}, matching '120 Mbps'. (3) `downStreamDelayBudget` is correctly set to {value: 15, unit: 'Milliseconds'}, correctly interpreting '15 ms' as milliseconds. (4) `serviceTime` and `serviceArea` are correctly null since the user didn't specify them. (5) `upStreamRatePerDevice` and `upStreamDelayBudget` are correctly null since the user didn't specify them. However, there is one notable concern: the user describes video journalists 'transmitting' live footage, which strongly implies upstream traffic (uploading). The user explicitly said 'downstream rates of 120 Mbps', so the agent correctly followed the literal request. But the use case semantics suggest upstream might have been more appropriate — though per the rules, the agent should only populate fields the user explicitly requested, so this is defensible. The argument structure and types all match the expected schema. The only minor issue is that `upStreamRatePerDevice` and `upStreamDelayBudget` are passed as null rather than being omitted, but since the schema marks them as required fields in the sliceQosProfile object, passing null is the correct approach. Overall, the arguments are well-formed and appropriate.
]
"
True,0.85,"[
	The agent correctly selected the 'create_session' tool, which is the appropriate tool for provisioning a network slice. The parameters were well-mapped: uplink rate of 50 Mbps, downstream rate of 100 Mbps, and latency of 20 ms (correctly assumed as Milliseconds per rule 6) applied to both upstream and downstream delay budgets. The serviceTime and serviceArea were correctly set to null since the user didn't specify them (per rules 5 and 8). The maxNumOfDevices was correctly set to null since the user didn't specify a specific number of devices (per rule 3). The unit 'Mbps' was correctly reused from the user's input without asking again (per rule 4). The only minor consideration is that the user said 'latency capped at 20 ms' which could be interpreted as applying to both upstream and downstream delay budgets (which the agent did), though one could argue it's slightly ambiguous. Overall, the tool selection and parameter population were appropriate and correct.
	The agent correctly called `create_session` with well-structured arguments that largely match the user's request and the tool's expected schema. Specifically: (1) `serviceTime` and `serviceArea` are correctly set to null since the user didn't specify them, following the rules. (2) `maxNumOfDevices` is correctly null since the user didn't specify a number of devices. (3) `upStreamRatePerDevice` is correctly set to {value: 50, unit: 'Mbps'} matching the user's '50 Mbps' uplink request. (4) `downStreamRatePerDevice` is correctly set to {value: 100, unit: 'Mbps'} matching the user's '100 Mbps' downstream request. (5) The latency was specified as '20 ms' by the user, and the agent correctly interpreted this as 20 Milliseconds. However, the user said 'latency capped at 20 ms' without distinguishing between upstream and downstream latency. The agent applied 20 ms to both `downStreamDelayBudget` and `upStreamDelayBudget`, which is a reasonable interpretation of a general latency cap. All argument types (integers, strings, nulls) match the expected schema. The only minor concern is that the user said 'per device' for uplink but not explicitly for downstream — the user said 'downstream rates of 100 Mbps' which could be interpreted as aggregate or per-device. However, the tool's fields are explicitly 'per device' rates, so mapping to those fields is the only option and is reasonable. Overall, the arguments are well-formed, correctly typed, and appropriately aligned with the user's request.
]
"
True,0.9,"[
	The agent correctly selected the 'create_session' tool, which is the only appropriate tool for creating a network slice reservation. The arguments were well-constructed: maxNumOfDevices=300, downStreamRatePerDevice with value=80 and unit='Mbps', and downStreamDelayBudget with value=25 and unit='Milliseconds' — all matching the user's request. The user specified 'ms' which the agent correctly interpreted as 'Milliseconds'. Fields not specified by the user (serviceTime, serviceArea, upStreamRatePerDevice, upStreamDelayBudget) were correctly set to null, following the rules. The only minor note is that the user said 'packet delay budget' without specifying downstream vs upstream, and the agent mapped it to downStreamDelayBudget only, which is a reasonable interpretation given the context of downstream speeds being the focus. Overall, the tool selection and parameter population were appropriate and correct.
	The agent called `create_session` with well-structured arguments that closely match the user's request and the tool's expected input schema. Specifically: (1) `maxNumOfDevices` is correctly set to 300 as requested. (2) `downStreamRatePerDevice` is correctly set to {value: 80, unit: 'Mbps'}, matching the user's '80 Mbps'. (3) `downStreamDelayBudget` is correctly set to {value: 25, unit: 'Milliseconds'}, matching the user's '25 ms' (and per the rules, 'ms' maps to 'Milliseconds'). (4) `serviceTime` is set to {startDate: null, endDate: null} and `serviceArea` is null, which is correct since the user didn't specify these. (5) `upStreamRatePerDevice` and `upStreamDelayBudget` are null, which is correct since the user didn't specify upstream values. The only minor issue is that the user mentioned 'packet delay budget' generically (not specifically 'downstream delay budget'), so one could argue the delay budget should apply to both downstream and upstream. However, since the user specifically mentioned 'downstream speeds', interpreting the delay budget as downstream-only is a reasonable interpretation. All argument types, formats, and structures match the tool's expected schema.
]
"
True,0.85,"[
	The agent correctly selected the 'create_session' tool, which is the appropriate tool for deploying a network slice reservation. The arguments were well-constructed: downstream throughput was set to 300 Mbps (matching the user's specification with unit included), latency was set to 10 Milliseconds (correctly interpreting 'ms' as Milliseconds per rule 6), and unspecified fields (serviceTime, serviceArea, maxNumOfDevices, upStreamRatePerDevice, upStreamDelayBudget) were correctly left as null following the rules. The only minor consideration is that the user said 'latency not exceeding 10 ms' which could arguably apply to both downstream and upstream delay budgets, but placing it only in downStreamDelayBudget is a reasonable interpretation since the user specifically mentioned 'downstream throughput' context. Overall, the tool selection and parameter population were appropriate and correct.
	The agent called `create_session` with a well-structured body that correctly maps the user's request. The downstream throughput of 300 Mbps is correctly represented with value 300 and unit 'Mbps'. The latency of 10 ms is correctly placed in `downStreamDelayBudget` with value 10 and unit 'Milliseconds'. Fields not specified by the user (`serviceTime`, `serviceArea`, `maxNumOfDevices`, `upStreamRatePerDevice`, `upStreamDelayBudget`) are correctly set to null, following the rules. However, there is a minor concern: the user said 'latency not exceeding 10 ms' which could reasonably apply to both downstream and upstream delay budgets, not just downstream. The agent only populated `downStreamDelayBudget`, which is a reasonable but potentially incomplete interpretation. Additionally, the user mentioned 'per device' for throughput which aligns well with the `downStreamRatePerDevice` field. All argument types, formats, and structures match the tool's expected input schema. The null values for `startDate` and `endDate` within `serviceTime` are acceptable per the schema (they accept null). Overall, the arguments are well-formed and mostly aligned with the user's intent.
]
"
True,0.9,"[
	The agent correctly selected the 'create_session' tool, which is the appropriate tool for establishing a new network slice reservation. The arguments were well-constructed: maxNumOfDevices was set to 500 as specified, downStreamRatePerDevice was set to {value: 60, unit: 'Mbps'} matching the user's request, and fields not mentioned by the user (serviceTime, serviceArea, upStreamRatePerDevice, downStreamDelayBudget, upStreamDelayBudget) were correctly set to null following the rules. The agent properly recognized 'Mbps' as a valid unit and did not ask for clarification. The only minor note is that the unit was already provided as 'Mbps' which the agent correctly reused. The tool selection and parameter population were entirely appropriate for the user's request.
	The agent correctly called `create_session` with well-formed arguments that align with the user's request. Specifically: (1) `maxNumOfDevices` is set to 500, matching the user's specification of 500 devices. (2) `downStreamRatePerDevice` has value 60 with unit 'Mbps', correctly reflecting '60 Mbps per device' from the user's request. (3) `serviceTime` and `serviceArea` are correctly set to null since the user did not specify them, following the rules. (4) `upStreamRatePerDevice`, `downStreamDelayBudget`, and `upStreamDelayBudget` are set to null since the user did not mention them, adhering to the rule of not fabricating values. The argument types and structure match the expected input schema for `create_session`. The only minor consideration is that `upStreamRatePerDevice`, `downStreamDelayBudget`, and `upStreamDelayBudget` are passed as null rather than being omitted, but since the schema allows null values for these fields, this is acceptable. Overall, the arguments are appropriate, correctly typed, and well-aligned with the user's request.
]
"
True,0.9,"[
	The agent correctly selected the 'create_session' tool, which is the appropriate tool for creating a network slice reservation. The arguments were well-constructed: downstream rate was set to 150 Mbps as specified, packet delay budget was correctly mapped to downStreamDelayBudget with 15 Milliseconds (the user said 'ms' which maps to Milliseconds), and unspecified fields (serviceTime, serviceArea, maxNumOfDevices, upStreamRatePerDevice, upStreamDelayBudget) were correctly left as null following the rules. The tool selection was optimal given the available primitives. A minor note is that 'packet delay budget' could arguably apply to both downstream and upstream, but mapping it to downstream delay budget is a reasonable interpretation. No unnecessary tools were called.
	The agent correctly called `create_session` with well-formed arguments that align with the user's request. The downstream rate was set to 150 Mbps as specified, and the packet delay budget was set to 15 Milliseconds, correctly interpreting 'ms' as Milliseconds per the rules. The `serviceTime` and `serviceArea` were correctly set to null since the user didn't specify them, following rule 5. The `maxNumOfDevices` was correctly set to null since the user didn't specify a number of devices, following rule 8. The `upStreamRatePerDevice` and `upStreamDelayBudget` were correctly set to null since the user only mentioned downstream and packet delay budget. All argument types match the expected schema (integers for values, strings for units, nulls where appropriate). The only minor consideration is that the user said 'packet delay budget' which could arguably apply to both downstream and upstream, but the agent reasonably mapped it to `downStreamDelayBudget` given the context of prioritizing user experience (which is typically downstream-focused). The structure of the body object matches the required schema with all required fields present.
]
"
True,0.95,"[
	The agent correctly selected the 'create_session' tool, which is the only appropriate tool for provisioning a new network slice. The arguments were properly constructed: maxNumOfDevices set to 800 as specified, upStreamRatePerDevice set to {value: 40, unit: 'Mbps'} matching the user's request, and all unspecified fields (serviceTime, serviceArea, downStreamRatePerDevice, downStreamDelayBudget, upStreamDelayBudget) correctly set to null following the rules about not fabricating values. The unit 'Mbps' was correctly reused from the user's input without asking for clarification, adhering to rule 4. No unnecessary tool calls were made.
	The agent correctly called `create_session` with well-formed arguments that align with the user's request. Specifically: (1) `maxNumOfDevices` was set to 800, matching the user's specification of 'up to 800 devices'. (2) `upStreamRatePerDevice` was set to `{""value"": 40, ""unit"": ""Mbps""}`, correctly reflecting the user's '40 Mbps' uplink rate with the unit already provided. (3) `serviceTime` and `serviceArea` were correctly set to null since the user did not specify them, following the rules. (4) `downStreamRatePerDevice`, `downStreamDelayBudget`, and `upStreamDelayBudget` were correctly set to null since the user did not mention them, adhering to the rule of not fabricating values. All argument types match the expected schema (integers for values, strings for units, null for unspecified fields). The structure follows the required nested format with `body` containing `serviceTime`, `serviceArea`, and `sliceQosProfile`. The only minor consideration is that the unit 'Mbps' is correctly one of the accepted enum values. Everything is properly aligned with both the tool's expected input schema and the user's request.
]
"
True,0.95,"[
	The agent correctly selected the 'create_session' tool, which is the appropriate tool for creating a network slice reservation. The arguments were well-constructed: downstream rate was set to 100 Mbps as specified, latency was set to 20 ms (with 'Milliseconds' unit, correctly interpreting 'ms'), and all unspecified fields (serviceTime, serviceArea, maxNumOfDevices, upStreamRatePerDevice, upStreamDelayBudget) were properly set to null following the rules. The user provided units for both downstream (Mbps) and latency (ms), so the agent correctly did not ask for clarification. The only minor consideration is that the user mentioned 'latency around 20 ms' which could arguably apply to both downstream and upstream delay budgets, but treating it as downstream-only is a reasonable interpretation since the user didn't explicitly specify upstream. Overall, the tool selection and parameter population were appropriate and correct.
	The agent correctly called `create_session` with well-formed arguments that closely match the user's request and the tool's expected input schema. Specifically: (1) `downStreamRatePerDevice` was set to `{value: 100, unit: 'Mbps'}`, matching the user's '100 Mbps downstream per device'. (2) `downStreamDelayBudget` was set to `{value: 20, unit: 'Milliseconds'}`, correctly interpreting '20 ms' as 20 Milliseconds per the rules. (3) `serviceTime` was included with null start/end dates, `serviceArea` was null, `maxNumOfDevices` was null, `upStreamRatePerDevice` was null, and `upStreamDelayBudget` was null — all correctly left null since the user didn't specify these values, following the rules about not fabricating values. (4) All required fields in the schema (`serviceTime`, `serviceArea`, `sliceQosProfile`, and the inner required fields) are present. The only minor consideration is that the user mentioned 'business district' which could potentially map to a serviceArea, but the rules state service area stays null unless the user specifies geographic coordinates or a defined area shape, so leaving it null is appropriate. All argument types, formats, and values are correct and well-aligned with both the tool's schema and the user's intent.
]
"
True,0.9,"[
	The agent correctly selected the 'create_session' tool, which is the only appropriate tool for deploying a network slice reservation. The arguments were well-constructed: maxNumOfDevices=200, downStreamRatePerDevice with value=200 and unit='Mbps', and downStreamDelayBudget with value=10 and unit='Milliseconds' (correctly interpreting 'ms' as Milliseconds). Fields not specified by the user (serviceTime, serviceArea, upStreamRatePerDevice, upStreamDelayBudget) were correctly set to null. The only minor note is that 'packet delay budget' could arguably apply to both downstream and upstream, but the agent reasonably mapped it to downStreamDelayBudget. Overall, the tool selection and parameter population were appropriate and aligned with the user's request and the system rules.
	The agent correctly called `create_session` with well-formed arguments that closely match the user's request. Specifically: (1) `maxNumOfDevices` is correctly set to 200, matching the user's specification. (2) `downStreamRatePerDevice` is correctly set to `{value: 200, unit: 'Mbps'}`, matching '200 Mbps downstream rates'. (3) `downStreamDelayBudget` is correctly set to `{value: 10, unit: 'Milliseconds'}`, matching '10 ms' packet delay budget (the user said 'ms' which maps to Milliseconds). (4) `serviceTime` is correctly set with null start/end dates since the user didn't specify timing. (5) `serviceArea` is correctly null since the user didn't specify a geographic area. (6) `upStreamRatePerDevice` and `upStreamDelayBudget` are correctly null since the user didn't specify upstream parameters. The only minor issue is that the user mentioned 'packet delay budget' generically (not specifically 'downstream delay budget'), so one could argue it should apply to both downstream and upstream delay budgets. However, interpreting it as downstream-only is a reasonable default given the user only mentioned downstream rates. All argument types, formats, and structures match the tool's expected input schema.
]
"
True,0.9,"[
	The agent correctly selected the 'create_session' tool, which is the only appropriate tool for creating a network slice reservation. The arguments were well-constructed: downstream rate was set to 90 Mbps (matching the user's specification with unit included), latency/delay budget was set to 30 Milliseconds (correctly interpreting 'ms' as Milliseconds per the rules), and fields not specified by the user (serviceTime, serviceArea, maxNumOfDevices, upStreamRatePerDevice, upStreamDelayBudget) were correctly left as null. The agent followed all the stated rules properly: it didn't fabricate values, correctly handled the provided units without asking for clarification, and assumed Milliseconds for the latency. The only minor consideration is whether the latency should have been applied to both downstream and upstream delay budgets since the user said 'latency below 30 ms' generically, but applying it only to downstream is a reasonable interpretation given the context of 'downstream speeds' being the primary focus.
	The agent correctly called `create_session` with well-formed arguments that align with the user's request and the tool's expected input schema. Specifically: (1) `serviceTime` is null, which is correct since the user didn't specify a time period. (2) `serviceArea` is null, which is correct since the user mentioned a 'highway corridor' but didn't provide specific geographic coordinates or area definitions. (3) `maxNumOfDevices` is null, correct since the user didn't specify a device count. (4) `downStreamRatePerDevice` has value 90 with unit 'Mbps', correctly matching the user's '90 Mbps' specification. The unit 'Mbps' is in the allowed enum. (5) `downStreamDelayBudget` has value 30 with unit 'Milliseconds', correctly interpreting 'latency below 30 ms' — the user provided 'ms' which maps to 'Milliseconds' per the rules. (6) `upStreamRatePerDevice` is null, correct since the user only mentioned downstream. (7) `upStreamDelayBudget` is null, which is acceptable since the user said 'latency below 30 ms' which could be interpreted as general latency. However, one could argue the latency specification might apply to both directions, but the agent's interpretation of applying it only to downstream is reasonable given the eMBB/downstream focus of the request. All types match the schema expectations (integers for values, strings for units, nulls where appropriate). The only minor consideration is whether the latency should also have been applied to upStreamDelayBudget, but the user's focus on downstream speeds makes the downstream-only interpretation defensible.
]
"
True,0.7,"[
	The agent correctly chose the `create_session` tool, which is the appropriate tool for provisioning a network slice. The parameters were mostly well-constructed: maxNumOfDevices=600 and upStreamRatePerDevice={value: 35, unit: 'Mbps'} correctly reflect the user's request. The serviceTime fields are correctly null. However, there are two issues: (1) The serviceArea was set to {areaType: 'POLYGON'} rather than null. The user mentioned 'public square' as context for the use case, but did not provide specific geographic coordinates or area definition. Per the rules, service area should stay null unless the user specifies it with actual area data. Setting areaType to POLYGON without coordinates is not meaningful. (2) The downStreamRatePerDevice, downStreamDelayBudget, and upStreamDelayBudget are correctly set to null since the user didn't specify them. Overall, the correct tool was selected and most parameters were appropriate, but the serviceArea handling was slightly incorrect.
	The agent correctly called `create_session` with mostly appropriate arguments. The `maxNumOfDevices` (600), `upStreamRatePerDevice` ({value: 35, unit: 'Mbps'}), and null values for unspecified fields (downStreamRatePerDevice, downStreamDelayBudget, upStreamDelayBudget, serviceTime dates) all align with the user's request and the rules. However, there are two issues: (1) The `serviceArea` was set to `{""areaType"": ""POLYGON""}` — while the user mentioned 'a public square,' they did not provide specific coordinates or area details. Per the rules, service area should stay null unless the user specifies it. Setting areaType to POLYGON without any actual polygon data is arguably a fabrication, though one could argue the user's mention of 'public square' implies a polygon-shaped area. This is a borderline violation of rule 8 ('never fabricate values'). (2) The serviceTime was passed as `{""startDate"": null, ""endDate"": null}` which is acceptable since the user didn't specify times, though passing null is consistent with the schema. Overall the core parameters (devices, uplink rate, unit) are correct and well-formed, but the serviceArea areaType being set without user-specified details is a minor issue.
]
"
True,0.85,"[
	The agent correctly selected the 'create_session' tool, which is the appropriate tool for establishing a new network slice reservation. The arguments were well-constructed: downstream rate was set to 120 Mbps as specified, the packet delay budget was correctly placed in 'downStreamDelayBudget' with value 15 and unit 'Milliseconds' (the user said 'ms', which maps correctly). Fields not mentioned by the user (serviceTime, serviceArea, maxNumOfDevices, upStreamRatePerDevice, upStreamDelayBudget) were correctly set to null, following the rules about not fabricating values. The only minor consideration is that 'packet delay budget' could arguably apply to both downstream and upstream, but placing it in downStreamDelayBudget is a reasonable interpretation. Overall, the tool selection and parameter population were appropriate and correct.
	The agent correctly called `create_session` with well-structured arguments that largely match the user's request and the tool's expected schema. Specifically: (1) `serviceTime` and `serviceArea` are correctly set to null since the user didn't specify them, following the rules. (2) `maxNumOfDevices` is correctly null since the user didn't specify a number of devices. (3) `downStreamRatePerDevice` is correctly set to {value: 120, unit: 'Mbps'}, matching the user's '120 Mbps downstream'. (4) `upStreamRatePerDevice` is correctly null since the user didn't specify upstream. (5) `upStreamDelayBudget` is correctly null since the user didn't specify it. (6) The delay budget value of 15 with unit 'Milliseconds' correctly interprets '15 ms'. However, there is one issue: the user said 'packet delay budget of 15 ms' without specifying downstream vs upstream specifically. The agent mapped this to `downStreamDelayBudget` only. This is a reasonable interpretation given the context (cloud desktops are downstream-heavy), but the user's phrasing 'packet delay budget' could arguably apply to both directions or be ambiguous. This is a minor concern. All argument types, formats, and structures match the tool's expected input schema correctly.
]
"
True,0.9,"[
	The agent correctly selected the 'create_session' tool, which is the only appropriate tool for setting up a new network slice reservation. The arguments were well-constructed: downstream rate was set to 500 Mbps as specified, latency was correctly placed in downStreamDelayBudget with value 8 and unit 'Milliseconds' (correctly inferred from 'ms'), and all unspecified fields (serviceTime, serviceArea, maxNumOfDevices, upStreamRatePerDevice, upStreamDelayBudget) were properly set to null following the rules. The only minor consideration is that the user said 'latency capped at 8 ms' which could arguably apply to both downstream and upstream delay budgets, but placing it only in downStreamDelayBudget is a reasonable interpretation given the ambiguity. The tool selection was perfect for the task.
	The agent correctly called `create_session` with well-formed arguments that align with the user's request. The downstream rate was set to 500 Mbps as specified, and the latency was set to 8 Milliseconds (correctly interpreting 'ms' as Milliseconds per rule 6). The unit 'Mbps' was correctly reused from the user's input per rule 4. Fields not mentioned by the user (serviceTime, serviceArea, maxNumOfDevices, upStreamRatePerDevice, upStreamDelayBudget) were correctly set to null, following rule 8. The only minor consideration is that the user said 'latency capped at 8 ms' without specifying downstream vs upstream — the agent chose to apply it only to downStreamDelayBudget, which is a reasonable interpretation for a VR streaming use case but could arguably also apply to upStreamDelayBudget. All argument types, formats, and structures match the expected input schema of the `create_session` tool.
]
"
True,0.9,"[
	The agent correctly selected the 'create_session' tool, which is the appropriate tool for creating a network slice reservation. The arguments were well-constructed: maxNumOfDevices set to 150, downStreamRatePerDevice set to 70 Mbps (correctly reusing the user-provided unit without asking again), and unspecified fields (serviceTime, serviceArea, upStreamRatePerDevice, downStreamDelayBudget, upStreamDelayBudget) were correctly set to null. The agent followed all the rules: it didn't fabricate values, kept optional fields null, and correctly parsed the unit from the user's input. The only minor note is that the user mentioned 'harbor area' which could potentially map to a serviceArea, but since no specific geographic coordinates or area definition was provided, leaving it null is the correct behavior per the rules.
	The agent correctly called `create_session` with well-formed arguments that align with the user's request. The `maxNumOfDevices` was set to 150 as specified, `downStreamRatePerDevice` was correctly set to `{""value"": 70, ""unit"": ""Mbps""}` matching the user's '70 Mbps', and `upStreamRatePerDevice`, `downStreamDelayBudget`, and `upStreamDelayBudget` were correctly set to null since the user didn't specify them. `serviceTime` and `serviceArea` were also correctly set to null as the user didn't provide those details. The only minor issue is that `serviceTime` was passed as `{""startDate"": null, ""endDate"": null}` rather than simply `null`, but this is a very minor structural difference that still conveys the same semantic meaning (no service time specified). All argument types, formats, and values are appropriate and match the tool's expected input schema.
]
"
True,0.85,"[
	The agent correctly selected the 'create_session' tool, which is the appropriate tool for deploying a network slice reservation. The parameters were well-mapped: downstream rate set to 80 Mbps as specified, latency mapped to downStreamDelayBudget with 25 ms (using 'Milliseconds' as the unit, consistent with the 'ms' provided by the user), and all unspecified fields (serviceTime, serviceArea, maxNumOfDevices, upStreamRatePerDevice, upStreamDelayBudget) were correctly left as null following the rules. The only minor consideration is that the user mentioned 'latency' generically (which could apply to both upstream and downstream), but mapping it to downStreamDelayBudget alone is reasonable given the context of 'media consumption' which is primarily a downstream activity. The tool selection was correct and no better alternative existed among the available primitives.
	The agent correctly called `create_session` with well-structured arguments that largely match the user's request and the tool's expected schema. Specifically: (1) `downStreamRatePerDevice` was correctly set to `{value: 80, unit: 'Mbps'}` matching the user's '80 Mbps downstream'. (2) `downStreamDelayBudget` was correctly set to `{value: 25, unit: 'Milliseconds'}` — the user said '25 ms latency' and per the rules, 'ms' maps to Milliseconds. (3) `serviceTime`, `serviceArea`, `maxNumOfDevices`, `upStreamRatePerDevice`, and `upStreamDelayBudget` were all set to null, which is correct since the user did not specify these values, following the rule that all fields stay null unless specified. However, there is a minor concern: the user mentioned '25 ms latency' without specifying whether it applies to downstream, upstream, or both. The agent applied it only to `downStreamDelayBudget`, which is a reasonable interpretation given the context of 'media consumption' (primarily a downstream activity), but applying it to both downstream and upstream delay budgets could also be justified. This is a judgment call rather than a clear error. All argument types (integers, strings, nulls) match the expected schema. The structure of the body object conforms to the `CreateSession` schema with all required fields present.
]
"
True,0.75,"[
	The agent correctly selected the 'create_session' tool, which is the appropriate tool for provisioning a network slice. The arguments were mostly well-constructed: upStreamRatePerDevice was correctly set to 200 Mbps, and the delay budget of 12 ms was correctly interpreted with 'Milliseconds' as the unit. Fields not specified by the user (serviceTime, serviceArea, maxNumOfDevices, downStreamRatePerDevice, downStreamDelayBudget) were correctly left as null. However, there is a minor issue: the user said 'packet delay budget of 12 ms' without specifying upstream vs downstream specifically. Given the context of prioritizing uplink capacity for a TV broadcast van, placing the delay budget on upStreamDelayBudget is a reasonable interpretation. However, 'packet delay budget' could arguably apply to both directions or be ambiguous. The agent made a reasonable contextual judgment here. Overall, the tool selection was correct and the parameterization was largely appropriate.
	The agent correctly used the `create_session` tool with well-structured arguments that mostly align with the user's request and the tool's expected schema. Specifically: (1) `upStreamRatePerDevice` was correctly set to `{value: 200, unit: 'Mbps'}`, matching the user's '200 Mbps' uplink capacity request. (2) The unit 'Mbps' was correctly reused from the user's input without asking again, per rule 4. (3) The delay budget of 12 ms was correctly interpreted with unit 'Milliseconds' per rule 6. (4) `serviceTime`, `serviceArea`, `maxNumOfDevices`, and `downStreamRatePerDevice` were correctly set to null, following rules 1, 5, and 8. However, there is an issue: the user said 'packet delay budget of 12 ms' without specifying upstream or downstream specifically. The agent assigned it only to `upStreamDelayBudget` and left `downStreamDelayBudget` as null. While the context of a TV broadcast van prioritizing uplink could justify applying the delay budget to upstream only, the user's phrasing 'packet delay budget' is generic and could reasonably apply to both directions. This is a judgment call but represents a potential misalignment with user intent. The argument types, formats, and structure are all correct and match the tool's input schema.
]
"
True,0.9,"[
	The agent correctly selected the 'create_session' tool, which is the appropriate tool for establishing a network slice reservation. The arguments were well-constructed: maxNumOfDevices set to 250, downStreamRatePerDevice set to {value: 100, unit: 'Mbps'}, and all unspecified fields (serviceTime, serviceArea, upStreamRatePerDevice, downStreamDelayBudget, upStreamDelayBudget) correctly set to null, following the rules about not fabricating values. The unit 'Mbps' was correctly extracted from the user's input without asking again, adhering to rule 4. No unnecessary tool calls were made. The only minor note is that the tool call appears in the agent's output but wasn't listed under 'Tools Used by Agent', though the function call is clearly visible in the ChatCompletion response.
	The agent correctly called `create_session` with well-formed arguments that align with the user's request. Specifically: (1) `maxNumOfDevices` is set to 250, matching the user's specification of 250 devices. (2) `downStreamRatePerDevice` is set to `{""value"": 100, ""unit"": ""Mbps""}`, correctly reflecting the user's request for 100 Mbps downstream per device, and the unit 'Mbps' matches the accepted enum values. (3) `serviceTime` and `serviceArea` are correctly set to null since the user did not specify them, following the rules. (4) `upStreamRatePerDevice`, `downStreamDelayBudget`, and `upStreamDelayBudget` are correctly set to null since the user did not mention them. The argument structure matches the expected input schema with all required fields present (`body` containing `serviceTime`, `serviceArea`, and `sliceQosProfile`, and `sliceQosProfile` containing all its required fields). The only minor concern is that `upStreamRatePerDevice`, `downStreamDelayBudget`, and `upStreamDelayBudget` are passed as null rather than as objects with null values, but the schema allows null for these fields via the anyOf construct, so this is valid.
]
"
True,0.95,"[
	The agent correctly selected the 'create_session' tool, which is the only appropriate tool for creating a network slice reservation. The arguments were well-constructed: downstream rate was set to 150 Mbps as specified, latency was correctly placed in downStreamDelayBudget with value 20 and unit 'Milliseconds' (matching the 'ms' specification), and unspecified fields (serviceTime, serviceArea, maxNumOfDevices, upStreamRatePerDevice, upStreamDelayBudget) were correctly left as null per the rules. The agent did not fabricate any values and correctly interpreted the user's units without asking for clarification. A minor note is that the latency was described as 'below 20 ms' which could arguably mean the budget should be less than 20, but using 20 as the delay budget value is a reasonable interpretation. Overall, the tool selection and parameter population were appropriate and correct.
	The agent correctly called `create_session` with well-formed arguments that align with the user's request. Specifically: (1) `serviceTime` is null, which is correct since the user didn't specify a time period. (2) `serviceArea` is null, correct since no area was specified. (3) `downStreamRatePerDevice` has value 150 and unit 'Mbps', matching the user's '150 Mbps downstream' request. The unit 'Mbps' is in the accepted enum values. (4) `downStreamDelayBudget` has value 20 and unit 'Milliseconds', correctly interpreting 'latency below 20 ms' — the user provided 'ms' which maps to 'Milliseconds' per the rules. (5) `maxNumOfDevices` is null, correct since no device count was specified. (6) `upStreamRatePerDevice` is null, correct since no upstream rate was mentioned. (7) `upStreamDelayBudget` is null, correct since no upstream latency was specified. All types match the expected schema (integers for values, strings for units, nulls where appropriate). The only minor consideration is that the user said 'latency below 20 ms' which could arguably apply to both downstream and upstream delay budgets, but interpreting it as downstream-only for a downstream-focused video analytics use case is reasonable. All required fields in the schema are present and properly structured.
]
"
False,0.2,"[
	The agent did not use any tools at all. The user provided sufficient information to proceed with creating a network slice: 120 Mbps downstream, 10 ms latency (which per the rules should be assumed as Milliseconds), service area mentioned as 'city park' (though coordinates weren't specified, the rules state service area is not required and stays null unless specified with concrete values). The agent should have called 'create_session' with the provided parameters (downstream rate: 120 Mbps, latency: 10 ms in Milliseconds, service area and service time as null, maxNumOfDevices as null since not specified). Instead, the agent asked unnecessary clarifying questions - particularly about service time and number of devices which per the rules should remain null when not specified, and about latency direction which could reasonably default to both or downstream. The agent's failure to use the create_session tool when sufficient information was available is a significant shortcoming.
	The agent did not use any tools/primitives. Instead, it asked clarifying questions. While some questions are reasonable (like the specific service area coordinates), others are unnecessary given the system rules. Rule 1 states that service area is not required. Rule 5 says service time and area stay null unless specified - the user mentioned 'city park' but didn't provide coordinates, so asking is somewhat justified. However, the user clearly specified '10 ms latency' which per Rule 6 should default to Milliseconds, and '120 Mbps downstream' which already has a unit per Rule 4. The agent could have proceeded with a tool call using: downStreamRatePerDevice={value:120, unit:'Mbps'}, latency (downstream and/or upstream) = {value:10, unit:'Milliseconds'}, serviceTime=null, serviceArea=null, maxNumOfDevices=null, and other unspecified fields as null. The agent's failure to invoke any tool means no arguments were passed to evaluate directly, but the decision to not call the tool when sufficient information was available represents a missed opportunity. Since no primitives were actually used, there are no argument errors to evaluate, but the agent should have made the tool call with the available information.
]
"
True,0.9,"[
	The agent correctly selected the 'create_session' tool, which is the only appropriate tool for provisioning a new network slice. The arguments were well-constructed: downstream rate was set to 90 Mbps as specified, the packet delay budget was correctly placed in 'downStreamDelayBudget' with value 10 and unit 'Milliseconds' (the user said 'ms', which maps correctly). Fields not mentioned by the user (serviceTime, serviceArea, maxNumOfDevices, upStreamRatePerDevice, upStreamDelayBudget) were correctly set to null, following the rules about not fabricating values. The only minor consideration is that 'packet delay budget' could arguably apply to both downstream and upstream, but placing it in downStreamDelayBudget is a reasonable interpretation. Overall, the tool selection and parameter population were appropriate and correct.
	The agent correctly called `create_session` with well-formed arguments that closely match the user's request. The downstream rate was set to 90 Mbps as specified, and the packet delay budget was set to 10 Milliseconds, which is correct since the user said '10 ms' and the rules state that 'ms' maps to 'Milliseconds'. The `serviceTime`, `serviceArea`, `maxNumOfDevices`, `upStreamRatePerDevice`, and `upStreamDelayBudget` were all correctly set to null since the user did not specify them, following the rule that all fields stay null unless specified. The only minor concern is that the user said 'packet delay budget of 10 ms' without specifying downstream vs upstream — the agent mapped it to `downStreamDelayBudget` only. This is a reasonable interpretation but could arguably apply to both directions. The argument types, formats, and structure all match the expected input schema for `create_session`.
]
"
True,0.7,"[
	The agent correctly selected the 'create_session' tool, which is the appropriate tool for creating a network slice reservation. The parameters were mostly well-constructed: serviceTime and serviceArea are correctly null, upStreamRatePerDevice is correctly set to {value: 20, unit: 'Mbps'}, and the unit 'Milliseconds' is correctly applied to the delay budget since the user specified 'ms'. However, there is an issue with the delay budget placement. The user said 'packet delay budget of 3 ms' without specifying upstream or downstream specifically. The agent placed it only in upStreamDelayBudget. While this could be debated (the context of autonomous delivery robots sending data upstream might justify this), a more complete interpretation would be to set both upStreamDelayBudget and downStreamDelayBudget to 3 ms, since 'packet delay budget' is a general term. The tool selection itself (create_session) was correct and the only appropriate tool for this task. Other fields like maxNumOfDevices and downStreamRatePerDevice are correctly null since the user didn't specify them.
	The agent correctly called `create_session` with well-structured arguments that mostly align with the user's request and the tool's expected schema. Specifically: (1) `serviceTime` and `serviceArea` are correctly set to null since the user didn't specify them (rules 5 and 8). (2) `upStreamRatePerDevice` is correctly set to {value: 20, unit: 'Mbps'}, matching the user's '20 Mbps' specification. (3) `maxNumOfDevices` and `downStreamRatePerDevice` are correctly null since the user didn't specify them. (4) `downStreamDelayBudget` is correctly null since the user didn't specify a downstream delay. However, there is a notable issue: the user said 'packet delay budget of 3 ms' which is a general term that could reasonably apply to both upstream and downstream delay budgets, but the agent only populated `upStreamDelayBudget` with {value: 3, unit: 'Milliseconds'} and left `downStreamDelayBudget` as null. While one could argue that for autonomous delivery robots the uplink is more critical, the user's request for 'packet delay budget' without specifying direction is ambiguous and arguably should apply to both directions. The unit 'Milliseconds' is correct per rule 6 (the user said 'ms' which is milliseconds). All argument types and formats match the expected schema correctly.
]
"
True,0.9,"[
	The agent correctly selected the 'create_session' tool, which is the only appropriate tool for provisioning a new network slice. The arguments were well-constructed: maxNumOfDevices=60 (matching the user's 60 devices), downStreamRatePerDevice with value=30 and unit='Mbps' (matching '30 Mbps'), downStreamDelayBudget with value=5 and unit='Milliseconds' (correctly interpreting '5 ms' as milliseconds per rule 6), and serviceTime/serviceArea correctly set to null (per rules 5 and 8). upStreamRatePerDevice and upStreamDelayBudget were correctly set to null since the user didn't specify them. The only minor note is that the latency was placed only in downStreamDelayBudget rather than both downstream and upstream, but since the user said 'latency capped at 5 ms' without specifying direction, placing it in downstream only is a reasonable interpretation. Overall, the tool selection and parameter population were appropriate and correct.
	The agent correctly called `create_session` with well-formed arguments that closely match the user's request and the tool's expected input schema. Specifically: (1) `maxNumOfDevices` is correctly set to 60, matching the user's '60 devices'. (2) `downStreamRatePerDevice` is correctly set to `{value: 30, unit: 'Mbps'}`, matching '30 Mbps'. (3) `downStreamDelayBudget` is correctly set to `{value: 5, unit: 'Milliseconds'}`, matching '5 ms' — the user provided 'ms' which is milliseconds, so the unit is correct. (4) `serviceTime` and `serviceArea` are correctly null since the user didn't specify them. (5) `upStreamRatePerDevice` and `upStreamDelayBudget` are set to null since the user didn't specify upstream values. All types match the schema expectations (integers for values, strings for units). The only minor consideration is that the user said 'latency capped at 5 ms' without specifying downstream vs upstream — the agent interpreted this as downstream delay budget only, which is a reasonable interpretation but could arguably also apply to upstream. This is a minor semantic judgment call rather than an argument formatting error, so the score remains high.
]
"
True,0.7,"[
	The agent correctly chose the 'create_session' tool, which is the appropriate tool for establishing a network slice reservation. The parameters were mostly correct: upStreamRatePerDevice was set to 25 Mbps as requested, and the latency was placed in upStreamDelayBudget with value 2 and unit 'Milliseconds' (matching the rule that ms should be assumed as Milliseconds). However, the user said 'ultra-low latency of 2 ms' without specifying whether it's upstream or downstream - this could reasonably apply to both directions. The agent only set upStreamDelayBudget but left downStreamDelayBudget as null. A more thorough interpretation might have set both delay budgets to 2 ms since the user said 'latency' generically (not specifically 'uplink latency'). The other null fields (serviceTime, serviceArea, maxNumOfDevices, downStreamRatePerDevice) are correctly left null per the rules since the user didn't specify them. The tool selection itself was correct - create_session is the only appropriate tool for this task.
	The agent correctly called `create_session` with well-formed arguments that match the expected schema. The `serviceTime` and `serviceArea` are correctly set to null (user didn't specify them), `maxNumOfDevices` is null (not specified by user), `downStreamRatePerDevice` is null (not specified), and `upStreamRatePerDevice` correctly has value 25 with unit 'Mbps' matching the user's request. However, there is a notable issue: the user requested 'ultra-low latency of 2 ms' without specifying whether it applies to uplink, downlink, or both. The agent only set `upStreamDelayBudget` to 2 ms and left `downStreamDelayBudget` as null. Given the context of automated guided vehicles in a factory where latency is critical, a reasonable interpretation could be that the latency should apply to both directions, or at minimum the agent should have asked for clarification. Setting only the upstream delay budget is a partial interpretation. Additionally, the unit 'Milliseconds' is correctly applied since the user specified 'ms'. The argument types, formats, and structure all conform to the tool's expected input schema.
]
"
True,0.85,"[
	The agent correctly selected the 'create_session' tool, which is the only appropriate tool for deploying a network slice reservation. The arguments were well-constructed: downstream rate per device was set to 50 Mbps (matching the user's specification with unit included), the downstream delay budget was set to 1 Milliseconds (the user said '1 ms', and the agent correctly interpreted 'ms' as Milliseconds), and all unspecified fields (serviceTime, serviceArea, maxNumOfDevices, upStreamRatePerDevice, upStreamDelayBudget) were correctly left as null per the rules. The agent followed all the stated rules properly: it didn't fabricate values, correctly reused the provided units without asking, and didn't treat the use case description as guidance for populating extra fields. The only minor consideration is whether 'packet delay budget' should apply to both downstream and upstream or just downstream - the user said 'packet delay budget' generically which could arguably apply to both directions, but the agent only set downStreamDelayBudget. This is a reasonable interpretation since the user specifically mentioned 'downstream' for throughput, and the delay budget placement is debatable. Overall, excellent tool selection and parameter mapping.
	The agent correctly called `create_session` with well-structured arguments that largely match the user's request and the tool's expected schema. Specifically: (1) `downStreamRatePerDevice` was correctly set to `{value: 50, unit: 'Mbps'}`, matching the user's '50 Mbps downstream' request. (2) `downStreamDelayBudget` was correctly set to `{value: 1, unit: 'Milliseconds'}`, matching the user's '1 ms packet delay budget'. (3) `serviceTime`, `serviceArea`, `maxNumOfDevices`, `upStreamRatePerDevice`, and `upStreamDelayBudget` were correctly set to null, following the rules that unspecified fields should remain null. However, there is a minor issue: the user said '1 ms packet delay budget' which could reasonably apply to both downstream and upstream delay budgets (since 'packet delay budget' is a general term in URLLC scenarios like remote crane operation). The agent only populated `downStreamDelayBudget` and left `upStreamDelayBudget` as null. This is a reasonable interpretation but could be seen as slightly incomplete for a bidirectional latency-sensitive application. The argument types, formats, and structure all conform to the tool's input schema correctly.
]
"
True,0.85,"[
	The agent correctly selected the 'create_session' tool, which is the appropriate tool for creating a network slice reservation. The parameters were well-constructed: maxNumOfDevices set to 120 as specified, latency set to 4 ms with 'Milliseconds' unit (correctly inferred from 'ms'), serviceTime and serviceArea set to null as per the rules (not specified by user), and downStreamRatePerDevice/upStreamRatePerDevice set to null (not specified). The only minor consideration is that the user said 'latency not exceeding 4 ms' which could be interpreted as applying to both downstream and upstream delay budgets — the agent applied it to both, which is a reasonable interpretation. No unnecessary tools were called. A small deduction because the user's mention of 'latency' is somewhat ambiguous (could mean just one direction), but applying it to both is a defensible and arguably safer choice.
	The agent correctly called `create_session` with well-structured arguments that largely match the tool's expected schema. Specifically: (1) `maxNumOfDevices` is correctly set to 120 as an integer, matching the user's request. (2) `serviceTime` is set with null startDate and endDate, which is correct since the user didn't specify service time. (3) `serviceArea` is null, correct since the user didn't specify an area. (4) `downStreamRatePerDevice` and `upStreamRatePerDevice` are null, correct since the user didn't specify throughput. (5) The latency value of 4 with unit 'Milliseconds' is correct — the user said '4 ms', and the unit 'ms' maps to 'Milliseconds'. (6) Both `downStreamDelayBudget` and `upStreamDelayBudget` are set to 4 Milliseconds. The user said 'latency not exceeding 4 ms' without specifying upstream vs downstream separately, so applying it to both directions is a reasonable interpretation. However, one could argue the user only mentioned a single latency constraint and the agent could have asked for clarification about whether it applies to both directions — but applying it symmetrically is a sensible default for railway signaling. All argument types, formats, and structures match the tool's input schema correctly. Minor deduction for the assumption that latency applies to both upstream and downstream without explicit user confirmation.
]
"
True,0.85,"[
	The agent correctly selected the 'create_session' tool, which is the appropriate tool for provisioning a network slice. The arguments were mostly well-constructed: upStreamRatePerDevice was set to 40 Mbps as requested, serviceTime and serviceArea were correctly set to null (not specified by user), maxNumOfDevices was null (not specified), and downStreamRatePerDevice was null (not specified). The latency of 5 ms was correctly assigned to upStreamDelayBudget with unit 'Milliseconds'. However, the user said 'latency under 5 ms' without specifying upstream vs downstream specifically - this is ambiguous. Given the context of emergency vehicle coordination with uplink focus, setting only upStreamDelayBudget is a reasonable interpretation, but one could argue that a general 'latency' mention should apply to both upstream and downstream delay budgets. The downStreamDelayBudget was left null, which could be seen as a minor omission. Overall, the tool selection was correct and the parameterization was largely appropriate.
	The agent correctly called `create_session` with well-structured arguments that largely match the user's request and the tool's expected schema. Specifically: (1) `serviceTime` and `serviceArea` are correctly set to null since the user didn't specify them, following the rules. (2) `maxNumOfDevices` is null since the user didn't specify a device count. (3) `upStreamRatePerDevice` is correctly set to {value: 40, unit: 'Mbps'}, matching the user's '40 Mbps' uplink rate request. (4) `downStreamRatePerDevice` is null since the user didn't specify downstream rates. (5) `upStreamDelayBudget` is set to {value: 5, unit: 'Milliseconds'}, which correctly interprets 'latency under 5 ms' with the proper unit. However, there is a minor issue: the user said 'latency under 5 ms' without specifying whether it applies to uplink only, downlink only, or both. The agent only set `upStreamDelayBudget` and left `downStreamDelayBudget` as null. Given the context of 'emergency response vehicle coordination' and the mention of uplink rates, setting only the upstream delay budget is a reasonable interpretation, but a general 'latency' mention could arguably apply to both directions. This is a minor ambiguity rather than a clear error. All argument types, formats, and structures match the tool's expected input schema correctly.
]
"
True,0.9,"[
	The agent correctly selected the 'create_session' tool, which is the only appropriate tool for establishing a new network slice reservation. The arguments were well-constructed: downstream rate was set to 60 Mbps as specified, the packet delay budget was correctly placed in 'downStreamDelayBudget' with value 3 and unit 'Milliseconds' (the user said 'ms', which maps correctly). Fields not mentioned by the user (serviceTime, serviceArea, maxNumOfDevices, upStreamRatePerDevice, upStreamDelayBudget) were correctly set to null, following the rules about not fabricating values. The only minor consideration is that 'packet delay budget' could arguably apply to both downstream and upstream, but placing it in downStreamDelayBudget is a reasonable interpretation. Overall, the tool selection and parameter population were appropriate and correct.
	The agent correctly called `create_session` with well-formed arguments that align with the user's request. The downstream rate was set to 60 Mbps (matching '60 Mbps per device'), and the packet delay budget was set to 3 Milliseconds (the user said '3 ms', and 'ms' correctly maps to 'Milliseconds'). The `serviceTime`, `serviceArea`, `maxNumOfDevices`, `upStreamRatePerDevice`, and `upStreamDelayBudget` were all correctly set to null since the user did not specify them, following the rules. The unit 'Mbps' is in the accepted enum values, and 'Milliseconds' is also valid. One minor consideration: the user said 'packet delay budget' without specifying downstream vs upstream explicitly, and the agent mapped it to `downStreamDelayBudget`. This is a reasonable interpretation given the context of downstream rates being discussed, though it could arguably apply to both directions. All argument types (integers for values, strings for units, null for unspecified fields) match the expected schema. The structure of the body object matches the required schema with all required fields present.
]
"
True,0.9,"[
	The agent correctly selected the 'create_session' tool, which is the appropriate tool for deploying a network slice reservation. The arguments were well-constructed: maxNumOfDevices was set to 300 as specified, both downStreamDelayBudget and upStreamDelayBudget were set to 4 Milliseconds (correctly applying the rule that 'ms' maps to 'Milliseconds'), serviceTime and serviceArea were correctly set to null since the user didn't specify them, and downStreamRatePerDevice and upStreamRatePerDevice were correctly set to null since no throughput was mentioned. The only minor consideration is whether applying the 4ms latency cap to both upstream and downstream delay budgets is the most accurate interpretation of 'latency capped at 4 ms' — it's a reasonable interpretation since the user said 'latency' generically without specifying direction, so applying it to both directions is a sensible default.
	The agent correctly called `create_session` with well-formed arguments that align with the user's request. Specifically: (1) `maxNumOfDevices` is correctly set to 300 as requested. (2) `serviceTime` and `serviceArea` are correctly set to null since the user didn't specify them, following the rules. (3) The latency value of 4 with unit 'Milliseconds' is correct — the user said '4 ms', and per rule 6, 'ms' maps to 'Milliseconds'. (4) `downStreamRatePerDevice` and `upStreamRatePerDevice` are correctly null since no throughput was specified. (5) Both `downStreamDelayBudget` and `upStreamDelayBudget` are set to 4 Milliseconds. The user said 'latency capped at 4 ms' without specifying upstream vs downstream, so applying it to both is a reasonable interpretation. The only minor concern is whether applying the latency cap to both directions was the user's intent — the user said 'latency' generically, so applying to both is defensible. All argument types, formats, and structures match the tool's expected input schema.
]
"
True,0.75,"[
	The agent correctly selected the 'create_session' tool, which is the appropriate tool for creating a network slice reservation. The parameters were mostly well-populated: maxNumOfDevices=80, upStreamRatePerDevice with value=30 and unit='Mbps', and upStreamDelayBudget with value=5 and unit='Milliseconds' all correctly match the user's request. The serviceTime and serviceArea were correctly set to null since the user didn't specify them. However, there's a minor issue: the user said 'latency below 5 ms' without specifying upstream vs downstream, which could reasonably be interpreted as applying to both upstream and downstream delay budgets. The agent only set upStreamDelayBudget but left downStreamDelayBudget as null. While setting it only for upstream is a defensible interpretation (since the user mentioned uplink rates, suggesting an upstream focus), a more complete interpretation would have set both delay budgets to 5ms. The downStreamRatePerDevice was correctly left as null since the user only mentioned uplink rates. Overall, the tool selection was correct and the parameterization was reasonable.
	The agent correctly used the `create_session` tool with mostly appropriate arguments. Specifically: (1) `maxNumOfDevices: 80` correctly matches the user's request for 80 devices. (2) `upStreamRatePerDevice: {value: 30, unit: 'Mbps'}` correctly captures the 30 Mbps uplink rate with the user-provided unit. (3) `serviceTime` and `serviceArea` are correctly set to null since the user didn't specify them. (4) `downStreamRatePerDevice` is correctly null since the user didn't mention downstream rates. However, there is a notable issue: the user said 'latency below 5 ms' without specifying whether it applies to uplink, downlink, or both. The agent only set `upStreamDelayBudget: {value: 5, unit: 'Milliseconds'}` and left `downStreamDelayBudget` as null. For autonomous bus control systems, a general latency requirement would reasonably apply to both directions, so setting only the upstream delay budget is a partial interpretation. The unit 'Milliseconds' is correct since the user specified 'ms'. All argument types and formats match the tool's expected input schema. The main deduction is for the incomplete handling of the latency budget across both directions.
]
"
True,0.7,"[
	The agent correctly selected the 'create_session' tool, which is the appropriate tool for provisioning a network slice. The parameters were mostly well-constructed: upStreamRatePerDevice was correctly set to 10 Mbps, serviceTime and serviceArea were correctly set to null, and maxNumOfDevices was correctly null since the user didn't specify it. However, there's a minor issue with the delay budget placement. The user said 'packet delay budget of 6 ms' without specifying upstream or downstream specifically. The agent placed it only in upStreamDelayBudget, which is a reasonable interpretation given the context of uplink traffic light coordination, but the user's request for 'packet delay budget' could arguably apply to both directions. The unit 'Milliseconds' was correctly inferred from 'ms'. The downStreamRatePerDevice and downStreamDelayBudget were correctly left as null since the user didn't specify them. Overall, the tool selection was correct and the parameterization was reasonable.
	The agent correctly called `create_session` with well-formed arguments that mostly align with the user's request and the tool's expected schema. Specifically: (1) `serviceTime` and `serviceArea` are correctly set to null since the user didn't specify them. (2) `maxNumOfDevices` is correctly null since the user didn't specify a count. (3) `upStreamRatePerDevice` is correctly set to {value: 10, unit: 'Mbps'}, matching the user's '10 Mbps uplink'. (4) `downStreamRatePerDevice` is correctly null. However, there is a notable issue: the user said 'packet delay budget of 6 ms' without specifying upstream or downstream direction. The agent placed it only in `upStreamDelayBudget` and left `downStreamDelayBudget` as null. While one could argue that traffic light coordination is primarily uplink-oriented, the user said 'packet delay budget' generically, which could reasonably apply to both directions. A more conservative interpretation would populate both delay budgets, or at minimum the agent should have asked for clarification. The unit 'Milliseconds' for the delay budget is correct per rule 6 (ms maps to Milliseconds). The value types (integers for value fields, strings for unit fields) all match the schema expectations. The structure with nested objects matches the required schema format. The score is reduced from perfect due to the ambiguity in delay budget direction assignment — placing it only in upStreamDelayBudget rather than both or asking for clarification.
]
"
True,0.85,"[
	The agent correctly selected the 'create_session' tool, which is the appropriate tool for establishing a network slice reservation. The arguments were well-constructed: downstream rate was set to 25 Mbps (matching the user's specification with the correct unit), the latency/delay budget was set to 5 ms (correctly using 'Milliseconds' as the unit since the user provided 'ms'), and all unspecified fields (serviceTime, serviceArea, maxNumOfDevices, upStreamRatePerDevice, upStreamDelayBudget) were correctly left as null per the rules. The only minor consideration is that the user said 'latency of 5 ms' generically, which could arguably apply to both downstream and upstream delay budgets, but placing it only in downStreamDelayBudget is a reasonable interpretation since the user specifically mentioned 'downstream rates' alongside latency. The tool selection was perfect - no unnecessary tools were called and no better alternative existed.
	The agent correctly called `create_session` with well-structured arguments that largely match the user's request and the tool's expected schema. Specifically: (1) `serviceTime` and `serviceArea` are correctly set to null since the user didn't specify them (rules 5 and 8). (2) `maxNumOfDevices` is null since the user didn't mention device count (rules 3 and 8). (3) `downStreamRatePerDevice` has value 25 and unit 'Mbps', correctly matching the user's '25 Mbps' specification, and the unit is in the accepted enum format. (4) `upStreamRatePerDevice` is null since the user didn't specify upstream rates (rule 8). (5) `downStreamDelayBudget` has value 5 and unit 'Milliseconds', correctly interpreting the user's '5 ms' latency requirement. The unit 'Milliseconds' is appropriate since the user provided 'ms' which maps to milliseconds. (6) `upStreamDelayBudget` is null since the user only mentioned latency generally but the downstream interpretation is reasonable. However, there is a minor concern: the user said 'prioritizing latency of 5 ms' without specifying downstream vs upstream. This could arguably apply to both downstream and upstream delay budgets. The agent only set the downstream delay budget, which is a reasonable but potentially incomplete interpretation. The user's mention of 'latency' without direction could warrant setting both delay budgets to 5ms. This is a slight semantic mismatch but not a clear error since the user also specifically mentioned 'downstream rates', suggesting they were thinking in terms of downstream parameters. All argument types, formats, and structures are correct and match the tool's input schema.
]
"
True,0.9,"[
	The agent correctly selected the 'create_session' tool, which is the appropriate tool for deploying a network slice reservation. The parameters were well-constructed: maxNumOfDevices was set to 50 as specified, latency was set to 2 ms (with 'Milliseconds' unit, correctly interpreting 'ms'), serviceTime and serviceArea were correctly set to null since the user didn't specify them, and downStreamRatePerDevice/upStreamRatePerDevice were correctly set to null since no throughput was mentioned. The only minor consideration is that the user said 'latency capped at 2 ms' which could be interpreted as applying to both downstream and upstream delay budgets (which the agent did), though one could argue it should only apply to one direction. However, applying it to both is a reasonable and conservative interpretation for industrial robots. No unnecessary tools were called.
	The agent correctly called `create_session` with well-formed arguments that align with the user's request. Specifically: (1) `maxNumOfDevices` is correctly set to 50, matching the user's specification of 50 devices. (2) `serviceTime` and `serviceArea` are correctly set to null, as the user did not specify them (following rule 5). (3) `downStreamRatePerDevice` and `upStreamRatePerDevice` are correctly set to null since the user didn't mention throughput (following rule 8). (4) The latency value of 2 with unit 'Milliseconds' is correct — the user said '2 ms', which includes a unit, so 'Milliseconds' is the appropriate mapping. (5) Both `downStreamDelayBudget` and `upStreamDelayBudget` are set to {value: 2, unit: 'Milliseconds'}, which is a reasonable interpretation since the user said 'latency capped at 2 ms' without distinguishing between upstream and downstream. All argument types match the expected schema (integers for values, strings for units, nulls where appropriate). The only minor consideration is whether applying the latency cap to both upstream and downstream is the right interpretation — the user said 'latency' generically, so applying it symmetrically is a reasonable default. The structure and types are fully compliant with the tool's input schema.
]
"
True,0.85,"[
	The agent correctly selected the 'create_session' tool, which is the appropriate tool for creating a network slice reservation. The arguments were well-constructed: upStreamRatePerDevice was set to {value: 20, unit: 'Mbps'} matching the user's request, and the packet delay budget was mapped to upStreamDelayBudget with {value: 7, unit: 'Milliseconds'} which correctly follows the rule about assuming milliseconds when 'ms' is provided. Fields not specified by the user (serviceTime, serviceArea, maxNumOfDevices, downStreamRatePerDevice, downStreamDelayBudget) were correctly set to null. The only minor consideration is that 'packet delay budget' could arguably apply to both upstream and downstream, but given the context of 'precision agriculture machinery control' with emphasis on uplink, mapping it to upStreamDelayBudget is a reasonable interpretation. No unnecessary tools were called.
	The agent correctly called `create_session` with well-structured arguments that mostly align with the user's request and the tool's expected schema. Specifically: (1) `serviceTime` and `serviceArea` are correctly set to null since the user didn't specify them. (2) `maxNumOfDevices` is correctly null since the user didn't mention device count. (3) `upStreamRatePerDevice` is correctly set to {value: 20, unit: 'Mbps'}, matching the user's '20 Mbps' uplink rate. (4) `downStreamRatePerDevice` is correctly null since the user didn't specify downstream rates. (5) `downStreamDelayBudget` is correctly null since the user didn't specify downstream delay. However, there is one issue: the user said 'packet delay budget of 7 ms' without specifying upstream vs downstream. The agent placed it in `upStreamDelayBudget`, which is a reasonable interpretation given the context of 'precision agriculture machinery control' with uplink emphasis, but the user's request for 'packet delay budget' is ambiguous and could apply to both directions. A more conservative approach might have been to ask for clarification or apply it to both. The unit 'Milliseconds' is correct per rule 6 (the user said 'ms' which is milliseconds). All argument types (integers, strings, nulls) match the schema expectations. The structure follows the required fields properly.
]
"
True,0.85,"[
	The agent correctly selected the 'create_session' tool, which is the appropriate tool for provisioning a network slice. The parameters were well-constructed: maxNumOfDevices set to 150 as specified, both downStreamDelayBudget and upStreamDelayBudget set to 5 Milliseconds (correctly applying the 'ms' unit from user input, and reasonably applying latency to both directions since the user said 'latency under 5 ms' without specifying direction), serviceTime and serviceArea correctly set to null since the user didn't specify them, and downStreamRatePerDevice/upStreamRatePerDevice correctly set to null since no throughput was mentioned. The tool selection and parameter population follow the stated rules accurately. The only minor consideration is whether applying the latency budget to both upstream and downstream is the ideal interpretation of 'latency under 5 ms', but this is a reasonable and common interpretation.
	The agent called `create_session` with well-structured arguments that largely match the tool's expected input schema. Specifically: (1) `maxNumOfDevices` is correctly set to 150 as an integer, matching the user's request. (2) `serviceTime` and `serviceArea` are correctly set to null since the user didn't specify them, following the rules. (3) `downStreamRatePerDevice` and `upStreamRatePerDevice` are correctly set to null since no throughput was mentioned. (4) The delay budget value of 5 with unit 'Milliseconds' is correct — the user said 'under 5 ms', and per rule 6, 'ms' maps to 'Milliseconds'. (5) Both `downStreamDelayBudget` and `upStreamDelayBudget` are set to the same latency value, which is a reasonable interpretation since the user said 'latency under 5 ms' without distinguishing upstream vs downstream. The slight deduction is because the user said 'latency under 5 ms' which could be interpreted as the latency should be strictly less than 5, but the agent set the value to exactly 5. This is a minor semantic concern — the tool accepts a budget value and doesn't have a 'less than' qualifier, so setting it to 5 is the closest reasonable approximation. All argument types, structures, and formats are correct and match the schema expectations.
]
"
True,0.85,"[
	The agent correctly selected the 'create_session' tool, which is the appropriate tool for establishing a network slice reservation. The parameters were well-constructed: maxNumOfDevices set to 400 as specified, latency set to 6 with unit 'Milliseconds' (correctly interpreting 'ms' per rule 6), serviceTime and serviceArea correctly set to null (per rules 5 and 8), and downStreamRatePerDevice/upStreamRatePerDevice correctly set to null since no throughput was specified. The agent applied the latency cap to both downstream and upstream delay budgets, which is a reasonable interpretation of 'latency capped at 6 ms' since the user didn't distinguish between upstream and downstream. A minor consideration is whether applying the latency to both directions was the user's intent, but this is a reasonable default interpretation. The tool selection was correct and no better alternative existed among the available tools.
	The agent correctly called `create_session` with well-structured arguments that largely match the user's request and the tool's expected schema. Specifically: (1) `maxNumOfDevices` is correctly set to 400 as requested. (2) `serviceTime` and `serviceArea` are correctly set to null since the user didn't specify them. (3) `downStreamRatePerDevice` and `upStreamRatePerDevice` are correctly null since no throughput was mentioned. (4) The latency value of 6 with unit 'Milliseconds' is correct — the user said '6 ms', and per the rules, 'ms' maps to 'Milliseconds'. (5) Both `downStreamDelayBudget` and `upStreamDelayBudget` are set to {value: 6, unit: 'Milliseconds'}. The user said 'latency capped at 6 ms' without distinguishing between upstream and downstream, so applying it to both is a reasonable interpretation. However, one could argue that the user's generic 'latency' mention could also mean only one direction or that the agent should have asked for clarification. This is a minor concern. All argument types, formats, and structures match the tool's input schema correctly. The slight deduction is for the assumption that a single latency cap applies to both upstream and downstream without confirmation, though this is a defensible interpretation.
]
"
True,0.9,"[
	The agent correctly selected the 'create_session' tool, which is the appropriate tool for deploying a network slice reservation. The arguments were well-constructed: downstream rate was set to 80 Mbps (matching the user's specification with unit), latency was correctly placed in downStreamDelayBudget with value 5 and unit 'Milliseconds' (the user said 'ms', which maps correctly). Fields not specified by the user (serviceTime, serviceArea, maxNumOfDevices, upStreamRatePerDevice, upStreamDelayBudget) were correctly set to null, following the rules about not fabricating values. The only minor consideration is whether latency of '5 ms' should also apply to upStreamDelayBudget since the user said 'latency' generically without specifying direction, but setting only downstream delay budget is a reasonable interpretation. Overall, the tool selection and parameter population were appropriate and correct.
	The agent correctly called `create_session` with well-formed arguments that closely match the user's request and the tool's expected input schema. Specifically: (1) `serviceTime` is null, which is correct since the user didn't specify a time period. (2) `serviceArea` is null, correct since no area was specified. (3) `downStreamRatePerDevice` has value 80 and unit 'Mbps', matching the user's '80 Mbps downstream' request and the tool's expected enum values. (4) `downStreamDelayBudget` has value 5 and unit 'Milliseconds', correctly interpreting '5 ms' as milliseconds, which aligns with rule 6 and the tool's expected enum. (5) `maxNumOfDevices` is null, correct since the user mentioned 'per device' but didn't specify a count. (6) `upStreamRatePerDevice` is null, correct since no upstream rate was specified. (7) `upStreamDelayBudget` is null, correct since no upstream latency was specified. The only minor consideration is that the user mentioned 'latency of 5 ms' which could arguably apply to both downstream and upstream delay budgets, but the agent conservatively applied it only to downstream, which is reasonable given rule 8 (don't fabricate values). All types, formats, and structures match the tool's input schema perfectly.
]
"
True,0.75,"[
	The agent correctly selected the 'create_session' tool, which is the appropriate tool for creating a network slice reservation. The parameters were mostly well-constructed: maxNumOfDevices=70, serviceTime and serviceArea set to null as per rules, and the delay budget value of 4 with unit 'Milliseconds' correctly applied (the user said 'ms' which maps to Milliseconds). However, the agent set both downStreamDelayBudget and upStreamDelayBudget to 4ms, while the user only mentioned 'packet delay budget' generically. This is a reasonable interpretation since packet delay could apply to both directions, but it could also be argued that setting both is slightly beyond what was explicitly requested. The downStreamRatePerDevice and upStreamRatePerDevice were correctly set to null since the user didn't specify throughput values. Overall, the tool selection was correct and the parameterization was largely appropriate.
	The agent called `create_session` with mostly correct arguments. The `maxNumOfDevices` was correctly set to 70, and the delay budget value of 4 with unit 'Milliseconds' correctly reflects the user's '4 ms'. The `serviceTime` and `serviceArea` were correctly set to null since the user didn't specify them. The `downStreamRatePerDevice` and `upStreamRatePerDevice` were correctly set to null since no throughput was mentioned. However, the user said 'packet delay budget of 4 ms' without specifying whether it applies to downstream, upstream, or both. The agent applied it to both `downStreamDelayBudget` and `upStreamDelayBudget`, which is a reasonable interpretation but could be seen as fabricating a value for one direction if the user only intended one. This is a minor issue since applying a general 'packet delay budget' to both directions is a defensible interpretation. The argument types and structure all match the expected schema correctly.
]
"
True,0.7,"[
	The agent correctly selected the 'create_session' tool, which is the appropriate tool for provisioning a network slice. The arguments were mostly well-constructed: serviceTime and serviceArea are correctly null (not specified by user), maxNumOfDevices is null (not specified), downStreamRatePerDevice is null (not specified), and upStreamRatePerDevice is correctly set to {value: 15, unit: 'Mbps'}. The upStreamDelayBudget is set to {value: 2, unit: 'Milliseconds'}, which correctly interprets the 'latency not exceeding 2 ms' requirement. However, the user said 'latency not exceeding 2 ms' without specifying upstream vs downstream specifically - for industrial motion control, latency is typically a general requirement that could apply to both directions. The agent only populated upStreamDelayBudget but left downStreamDelayBudget as null. This is a reasonable interpretation since the user also mentioned uplink rates, suggesting an upstream focus, but setting only upstream delay budget could be seen as slightly incomplete. The downStreamDelayBudget being null is debatable but follows the rule of not fabricating values. Overall, the tool selection was correct and the parameterization was reasonable.
	The agent correctly called `create_session` with well-formed arguments that mostly align with the user's request and the tool's expected schema. Specifically: (1) `serviceTime` and `serviceArea` are correctly set to null since the user didn't specify them (rules 5 and 8). (2) `maxNumOfDevices` is correctly null since the user didn't specify it (rules 3 and 8). (3) `upStreamRatePerDevice` is correctly set to {value: 15, unit: 'Mbps'}, matching the user's '15 Mbps' uplink rate request. (4) `downStreamRatePerDevice` is correctly null since the user didn't specify it. However, there is a notable issue: the user said 'latency not exceeding 2 ms' without specifying upstream vs downstream direction. The agent only populated `upStreamDelayBudget` with {value: 2, unit: 'Milliseconds'} and left `downStreamDelayBudget` as null. A general latency requirement arguably should apply to both upstream and downstream delay budgets, not just upstream. While one could argue that for 'industrial motion control networks' the upstream direction is more critical, the user's request was a general latency constraint. The unit 'Milliseconds' is correct per rule 6 (ms maps to Milliseconds). The argument types and structure are all valid and match the tool's input schema.
]
"
True,0.85,"[
	The agent correctly selected the 'create_session' tool, which is the appropriate tool for establishing a network slice reservation. The parameters were well-constructed: maxNumOfDevices set to 200 as specified, latency set to 5 with unit 'Milliseconds' (correctly following rule 6 since 'ms' was provided which maps to milliseconds), serviceTime and serviceArea correctly set to null (rules 5 and 8), and downStreamRatePerDevice/upStreamRatePerDevice correctly set to null since no throughput was specified. The only minor consideration is that the user said 'latency capped at 5 ms' which could be interpreted as applying to both downstream and upstream delay budgets — the agent applied it to both, which is a reasonable interpretation. The tool selection was correct and the arguments were properly formed.
	The agent called `create_session` with well-structured arguments that largely match the tool's expected input schema. Specifically: (1) `maxNumOfDevices` is correctly set to 200 as an integer, matching the user's request. (2) `serviceTime` and `serviceArea` are correctly set to null since the user didn't specify them, following the rules. (3) `downStreamRatePerDevice` and `upStreamRatePerDevice` are correctly set to null since the user didn't specify throughput values. (4) The delay budget value of 5 with unit 'Milliseconds' is correct — the user said '5 ms', and the unit 'Milliseconds' is a valid enum value. (5) Both `downStreamDelayBudget` and `upStreamDelayBudget` are set to {value: 5, unit: 'Milliseconds'}. The user said 'latency capped at 5 ms' without distinguishing between upstream and downstream, so applying it to both is a reasonable interpretation. The slight deduction is because the user's mention of 'latency' is somewhat ambiguous — it could be interpreted as applying to both directions or just one — but applying to both is a defensible and common interpretation. All argument types, formats, and structures conform to the tool's input schema. No required fields are missing, and no extraneous or fabricated values are included.
]
"
True,0.7,"[
	The agent correctly chose the 'create_session' tool, which is the appropriate tool for deploying a network slice reservation. The parameters were mostly correct: serviceTime and serviceArea are null as expected, maxNumOfDevices is null (not specified by user), upStreamRatePerDevice and upStreamDelayBudget are null (not specified). However, there are two issues with the parameter values: (1) The user specified '1 Gbps' for downstream rate, but the agent converted it to 1024 Mbps instead of using the 'Gbps' unit directly with value 1. While 1 Gbps ≈ 1024 Mbps in binary interpretation, the standard conversion is 1000 Mbps, and more importantly the 'Gbps' unit is available in the enum, so the agent should have used {value: 1, unit: 'Gbps'} to faithfully represent the user's input. (2) The user said 'packet delay budget of 1 ms' which was mapped to downStreamDelayBudget only. The user's phrasing 'packet delay budget' is somewhat ambiguous - it could mean both upstream and downstream, but mapping it to downstream only is a reasonable interpretation. The tool selection itself (create_session) was correct and appropriate.
	The agent correctly called `create_session` with a well-structured body matching the expected schema. Most arguments are appropriate: serviceTime, serviceArea, maxNumOfDevices, upStreamRatePerDevice, and upStreamDelayBudget are correctly null since the user didn't specify them. The downStreamDelayBudget is correctly set to {value: 1, unit: 'Milliseconds'}, matching the user's '1 ms' request. However, there is an issue with the downstream rate: the user specified '1 Gbps', but the agent converted this to {value: 1024, unit: 'Mbps'} instead of passing {value: 1, unit: 'Gbps'}. While 1024 Mbps is approximately equivalent to 1 Gbps (though technically 1 Gbps = 1000 Mbps, not 1024), the user explicitly stated 'Gbps' as the unit, and per the rules, the agent should reuse the user's unit. The tool accepts 'Gbps' as a valid enum value, so there was no need to convert. This conversion introduces both a unit mismatch with the user's intent and a potential numerical inaccuracy (1024 vs 1000). Additionally, the packet delay budget was applied only to downStreamDelayBudget; the user said 'packet delay budget' which could arguably apply to both directions, but applying it only to downstream is a reasonable interpretation. Overall, the structure and types are correct, but the downstream rate conversion is a meaningful error.
]
"
True,0.95,"[
	The agent correctly selected the 'create_session' tool, which is the only appropriate tool for creating a network slice reservation. The arguments were properly constructed: maxNumOfDevices set to 3000 as specified, upStreamRatePerDevice set to {value: 1, unit: 'Mbps'} matching the user's '1 Mbps' specification, and all unspecified fields (serviceTime, serviceArea, downStreamRatePerDevice, downStreamDelayBudget, upStreamDelayBudget) correctly set to null following the rules about not fabricating values. The agent correctly reused the 'Mbps' unit provided by the user without asking for clarification. No unnecessary tool calls were made.
	The agent correctly called `create_session` with well-formed arguments that closely match the user's request. Specifically: (1) `maxNumOfDevices` is set to 3000, matching the user's 'up to 3000 devices'. (2) `upStreamRatePerDevice` is set to `{""value"": 1, ""unit"": ""Mbps""}`, correctly reflecting the user's '1 Mbps' uplink rate with the unit already provided. (3) `serviceTime` and `serviceArea` are correctly set to null since the user did not specify them, following the rules. (4) `downStreamRatePerDevice`, `downStreamDelayBudget`, and `upStreamDelayBudget` are correctly set to null since the user did not mention them. All argument types match the expected schema: integers for numeric values, strings for units, null for unspecified optional fields. The structure of the body object conforms to the `CreateSession` schema with all required fields present. The only minor consideration is that the user said 'uplink rates of 1 Mbps per device' which the agent correctly interpreted as the upstream rate per device. Everything is well-aligned with the user's intent and the tool's expected input format.
]
"
True,0.7,"[
	The agent correctly selected the 'create_session' tool, which is the appropriate tool for provisioning a network slice. The parameters were mostly well-constructed: maxNumOfDevices=2500, serviceTime=null, serviceArea=null, downStreamRatePerDevice=null, upStreamRatePerDevice=null are all correct per the rules. The delay budget value of 100 with unit 'Milliseconds' is correct since the user specified 'ms'. However, the user said 'packet delay budget' generically (not specifying upstream vs downstream separately), and the agent applied it to both downStreamDelayBudget and upStreamDelayBudget. This is a reasonable interpretation since 'packet delay budget' is ambiguous and applying it to both directions is a defensible choice, though one could argue the agent should have asked for clarification. The tool selection itself (create_session) was the correct and only appropriate tool for this task. Minor deduction for potentially over-interpreting the delay budget to both directions without confirmation.
	The agent correctly called `create_session` with well-formed arguments matching the expected schema. The `maxNumOfDevices` was correctly set to 2500, `serviceTime` and `serviceArea` were correctly set to null (as per rules), and `downStreamRatePerDevice`/`upStreamRatePerDevice` were correctly null since the user didn't specify them. The delay budget value of 100 with unit 'Milliseconds' is correct per the user's '100 ms' specification. However, the user said 'packet delay budget of 100 ms' which is a single general term — the agent applied it to both `downStreamDelayBudget` and `upStreamDelayBudget`, which is a reasonable interpretation but could be seen as slightly over-specifying since the user mentioned a single 'packet delay budget' without distinguishing upstream vs downstream. This is a minor issue. All types, formats, and structures match the tool's expected input schema correctly.
]
"
True,0.95,"[
	The agent correctly selected the 'create_session' tool, which is the appropriate tool for establishing a network slice reservation. The arguments were well-constructed: maxNumOfDevices was set to 4000 as specified, upStreamRatePerDevice was correctly set to {value: 500, unit: 'kbps'} matching the user's request, and all unspecified fields (serviceTime, serviceArea, downStreamRatePerDevice, downStreamDelayBudget, upStreamDelayBudget) were properly set to null following the rules. The agent correctly reused the 'kbps' unit provided by the user without asking for clarification. The only minor note is that serviceTime and serviceArea were included with null values rather than being omitted, but this aligns with the schema's required fields. Overall, the tool selection and parameter population were appropriate and correct.
	The agent correctly called `create_session` with well-formed arguments that align with the user's request. Specifically: (1) `maxNumOfDevices` is set to 4000, matching the user's specification of 4000 devices. (2) `upStreamRatePerDevice` is correctly set with value 500 and unit 'kbps', matching the user's '500 kbps per device'. (3) `serviceTime` has both `startDate` and `endDate` set to null, which is correct since the user didn't specify service time. (4) `serviceArea` is null, correct since no area was specified. (5) `downStreamRatePerDevice`, `downStreamDelayBudget`, and `upStreamDelayBudget` are all null, correct since the user didn't specify these. All argument types match the expected schema (integers for values, strings for units, nulls where appropriate). The only minor concern is that `serviceTime` is passed as an object with null fields rather than as null itself, but this is still valid per the schema which accepts either the object or null. Overall, the arguments are appropriate, correctly typed, and well-aligned with the user's request.
]
"
True,0.85,"[
	The agent correctly selected the 'create_session' tool, which is the appropriate tool for deploying a network slice reservation. The arguments were well-constructed: maxNumOfDevices was set to 1800 as specified, latency was set to 150 with unit 'Milliseconds' (the user provided 'ms' so the unit was correctly interpreted), serviceTime and serviceArea were correctly set to null since the user didn't specify them, and downStreamRatePerDevice/upStreamRatePerDevice were correctly set to null since no throughput was mentioned. The only minor consideration is that the user said 'latency tolerance of 150 ms' which could be interpreted as applying to both downstream and upstream delay budgets (as the agent did) or potentially just one direction, but applying it to both is a reasonable interpretation for a general latency tolerance specification. The tool selection and parameter population were appropriate and followed the stated rules.
	The agent called `create_session` with well-structured arguments that largely match the tool's expected input schema and the user's request. Specifically: (1) `maxNumOfDevices` is correctly set to 1800 as requested. (2) `serviceTime` and `serviceArea` are correctly set to null since the user didn't specify them, following the rules. (3) The latency value of 150 with unit 'Milliseconds' is correct — the user said '150 ms', and per rule 6, 'ms' maps to 'Milliseconds'. (4) `downStreamRatePerDevice` and `upStreamRatePerDevice` are correctly null since no throughput was specified. (5) The argument types and structure match the schema requirements. The one concern is that the agent applied the latency tolerance of 150 ms to both `downStreamDelayBudget` and `upStreamDelayBudget`. The user said 'latency tolerance of 150 ms' without specifying direction, so applying it to both directions is a reasonable interpretation, though one could argue it's a slight assumption. This is a minor issue since the user's intent was ambiguous and applying it symmetrically is the most natural interpretation. All required fields are present and correctly typed.
]
"
True,0.95,"[
	The agent correctly selected the 'create_session' tool, which is the only appropriate tool for creating a network slice reservation. The arguments were properly constructed: maxNumOfDevices set to 1200 as specified, upStreamRatePerDevice set to {value: 800, unit: 'kbps'} matching the user's request, and all unspecified fields (serviceTime, serviceArea, downStreamRatePerDevice, downStreamDelayBudget, upStreamDelayBudget) were correctly set to null following the rules about not fabricating values. The unit 'kbps' was correctly reused from the user's input without asking for clarification, adhering to rule 4. No unnecessary tool calls were made.
	The agent correctly called `create_session` with well-formed arguments that closely match the user's request. Specifically: (1) `maxNumOfDevices` is set to 1200, matching the user's specification of 1200 devices. (2) `upStreamRatePerDevice` is set to `{""value"": 800, ""unit"": ""kbps""}`, correctly reflecting the user's '800 kbps' uplink rate with the unit properly recognized and passed. (3) `downStreamRatePerDevice`, `downStreamDelayBudget`, and `upStreamDelayBudget` are all set to null, which is correct since the user did not specify these values (rule 8: fields stay null unless specified). (4) `serviceTime` has both `startDate` and `endDate` set to null, correctly following rule 5 since no service time was specified. (5) `serviceArea` is set to null, also correctly following rule 5. The argument structure matches the expected `inputSchema` for `create_session`. The only minor concern is that `serviceTime` is passed as `{""startDate"": null, ""endDate"": null}` rather than simply `null`, but this is still valid per the schema which accepts either the object or null. All types, formats, and values are appropriate and aligned with the user's request.
]
"
True,0.7,"[
	The agent correctly selected the 'create_session' tool, which is the appropriate tool for provisioning a network slice. The parameters were mostly well-constructed: maxNumOfDevices=2200 is correct, serviceTime and serviceArea are null as expected (not specified by user), and downStreamRatePerDevice/upStreamRatePerDevice are null (not specified). The delay budget value of 200 with unit 'Milliseconds' is correct since the user specified 'ms'. However, the user said 'packet delay budget' generically (not specifying upstream vs downstream separately), and the agent applied it to both downStreamDelayBudget and upStreamDelayBudget. This is a reasonable interpretation since the user didn't distinguish between upstream and downstream delay. The tool selection is correct - create_session is the only appropriate tool for this task. A minor concern is that applying the delay budget to both directions could be seen as slightly over-interpreting the user's request, but it's a defensible choice since 'packet delay budget' without qualification reasonably applies to both directions.
	The agent correctly called `create_session` with well-formed arguments matching the expected schema. The `maxNumOfDevices` was correctly set to 2200, and the delay budget value of 200 with unit 'Milliseconds' is correct (the user specified '200 ms'). The `serviceTime` and `serviceArea` were correctly set to null since the user didn't specify them, and `downStreamRatePerDevice` and `upStreamRatePerDevice` were correctly set to null. However, the user said 'packet delay budget of 200 ms' without specifying whether it applies to downstream, upstream, or both. The agent applied it to both `downStreamDelayBudget` and `upStreamDelayBudget`, which is a reasonable interpretation but could be seen as fabricating a value for one direction if the user only intended one. This is a borderline case — applying to both is a defensible default interpretation for a generic 'packet delay budget', but per rule 8 ('All fields stay null unless the user specifies them, never fabricate values'), one could argue that the user's single mention should not automatically populate both fields. The slight deduction reflects this ambiguity.
]
"
True,0.95,"[
	The agent correctly selected the 'create_session' tool, which is the only appropriate tool for establishing a new network slice reservation. The arguments were properly constructed: maxNumOfDevices set to 3500 as specified by the user, upStreamRatePerDevice set to {value: 300, unit: 'kbps'} matching the user's request for 300 kbps uplink rates, and all unspecified fields (serviceTime, serviceArea, downStreamRatePerDevice, downStreamDelayBudget, upStreamDelayBudget) correctly set to null following the rules about not fabricating values. The unit 'kbps' was correctly reused from the user's input without asking for clarification, adhering to rule 4. No unnecessary tool calls were made.
	The agent correctly called `create_session` with well-formed arguments that align with the user's request. Specifically: (1) `maxNumOfDevices` was set to 3500, matching the user's specification of 3500 devices. (2) `upStreamRatePerDevice` was set to `{""value"": 300, ""unit"": ""kbps""}`, correctly reflecting the user's request for 300 kbps uplink rates, with the unit properly extracted from the user's input. (3) `serviceTime` and `serviceArea` were correctly set to null, as the user did not specify them (following rule 5). (4) `downStreamRatePerDevice`, `downStreamDelayBudget`, and `upStreamDelayBudget` were correctly set to null since the user did not mention them (following rule 8). All argument types match the expected schema: integers for numeric values, strings for units, and null for unspecified optional fields. The structure of the body object matches the `create_session` input schema with all required fields present. The only minor note is that the schema shows `required` fields within `sliceQosProfile` include all five sub-fields, and the agent passed null for unspecified ones, which is acceptable per the schema's `anyOf` allowing null types. Overall, the arguments are appropriate, well-formed, and correctly aligned with the user's intent.
]
"
False,0.4,"[
	The agent did not use any tools. The user provided enough information to call 'create_session' with maxNumOfDevices=900, downStreamDelayBudget={value:250, unit:'Milliseconds'}, upStreamDelayBudget={value:250, unit:'Milliseconds'}, and null values for serviceTime, serviceArea, downStreamRatePerDevice, and upStreamRatePerDevice. Per the rules, service time and area stay null unless specified, and fields stay null unless the user specifies them. The user did not specify throughput, so those should be null. The agent unnecessarily asked clarifying questions about throughput, service time, and service area instead of proceeding with the create_session tool call using the information already provided. While asking about optional fields isn't entirely wrong, the rules clearly state these should remain null unless specified, so the agent should have proceeded with the tool call.
	The agent did not use any tool primitives at all. While the agent correctly identified the parameters from the user's request (900 devices, 250 ms latency), it chose to ask clarifying questions about throughput requirements instead of proceeding with the tool call. The user provided sufficient information to make a `create_session` call with maxNumOfDevices=900, downStreamDelayBudget={value:250, unit:'Milliseconds'}, upStreamDelayBudget={value:250, unit:'Milliseconds'}, and null values for unspecified fields (serviceTime, serviceArea, downStreamRatePerDevice, upStreamRatePerDevice). Per the system rules, all unspecified fields should remain null, so the agent could have proceeded without asking about throughput. Since no primitives were used, there are no arguments to evaluate as correct or incorrect, but the agent failed to invoke the appropriate tool when it had enough information to do so. The score reflects that while the agent's understanding of the parameters was correct, no tool arguments were actually passed.
]
"
True,0.95,"[
	The agent correctly selected the 'create_session' tool, which is the only appropriate tool for creating a network slice reservation. The arguments were properly constructed: maxNumOfDevices set to 1600 as specified, upStreamRatePerDevice set to {value: 1, unit: 'Mbps'} matching the user's request, and all unspecified fields (serviceTime, serviceArea, downStreamRatePerDevice, downStreamDelayBudget, upStreamDelayBudget) were correctly set to null following the rules. The unit 'Mbps' was correctly reused from the user's input without asking for clarification. No unnecessary tool calls were made.
	The agent correctly called `create_session` with well-formed arguments that align with the user's request. Specifically: (1) `maxNumOfDevices` is set to 1600, matching the user's specification of 1600 devices. (2) `upStreamRatePerDevice` is set to `{""value"": 1, ""unit"": ""Mbps""}`, correctly reflecting the user's '1 Mbps' uplink rate with the unit already provided. (3) `serviceTime` and `serviceArea` are correctly set to null since the user did not specify them, following the rules. (4) `downStreamRatePerDevice`, `downStreamDelayBudget`, and `upStreamDelayBudget` are correctly set to null since the user did not mention them. All required fields in the schema (`serviceTime`, `serviceArea`, `sliceQosProfile` and its sub-fields) are present. The argument types, formats, and values all match the tool's expected input schema. The only minor note is that the schema shows `required: ['maxNumOfDevices', 'downStreamRatePerDevice', 'upStreamRatePerDevice', 'downStreamDelayBudget', 'upStreamDelayBudget']` for sliceQosProfile, and all these fields are present (with null values for unspecified ones), which is acceptable given the schema allows null types.
]
"
True,0.7,"[
	The agent correctly selected the 'create_session' tool, which is the appropriate tool for provisioning a network slice. The parameters were mostly well-constructed: maxNumOfDevices=2800, serviceTime=null, serviceArea=null, downStreamRatePerDevice=null, upStreamRatePerDevice=null are all correct per the rules. The delay budget value of 120 with unit 'Milliseconds' is correct since the user specified 'ms'. However, the user said 'packet delay budget' generically (not specifying upstream vs downstream separately), and the agent applied it to both downStreamDelayBudget and upStreamDelayBudget. This is a reasonable interpretation but could be debated - the user didn't explicitly say both directions. Still, applying it to both is a defensible choice for a generic 'packet delay budget'. The tool selection itself (create_session) was the correct and only appropriate tool for this task.
	The agent correctly called `create_session` with well-formed arguments matching the expected schema. The `maxNumOfDevices` was correctly set to 2800, `serviceTime` and `serviceArea` were correctly set to null (as per rules), and the delay budget value of 120 with unit 'Milliseconds' was appropriate (the user said '120 ms'). The `downStreamRatePerDevice` and `upStreamRatePerDevice` were correctly set to null since the user didn't specify them. However, the user said 'packet delay budget of 120 ms' which is a single, general mention of delay. The agent applied this to both `downStreamDelayBudget` and `upStreamDelayBudget`, which is a reasonable interpretation but could be seen as slightly over-interpreting the user's request — the user mentioned a single 'packet delay budget' without specifying direction. Applying it to both directions is a defensible choice but introduces a mild assumption. Overall, the argument types, formats, and structure are correct and well-aligned with the tool's schema.
]
"
True,0.95,"[
	The agent correctly selected the 'create_session' tool, which is the only appropriate tool for establishing a new network slice reservation. The arguments were properly constructed: maxNumOfDevices set to 1400 as specified by the user, upStreamRatePerDevice set to {value: 600, unit: 'kbps'} matching the user's request for 600 kbps uplink rates, and all unspecified fields (serviceTime, serviceArea, downStreamRatePerDevice, downStreamDelayBudget, upStreamDelayBudget) correctly set to null following the rules about not fabricating values. The unit 'kbps' was correctly reused from the user's input without asking for clarification, adhering to rule 4. No unnecessary tool calls were made.
	The agent correctly called `create_session` with well-formed arguments that align with the user's request. Specifically: (1) `maxNumOfDevices` is set to 1400, matching the user's specification of 1400 devices. (2) `upStreamRatePerDevice` is set to `{""value"": 600, ""unit"": ""kbps""}`, correctly reflecting the user's request for 600 kbps uplink rates, with the unit properly extracted from the user's input. (3) `serviceTime` and `serviceArea` are correctly set to null, as the user did not specify them (per rule 5). (4) `downStreamRatePerDevice`, `downStreamDelayBudget`, and `upStreamDelayBudget` are correctly set to null since the user did not mention them (per rule 8). All required fields in the schema (`serviceTime`, `serviceArea`, `sliceQosProfile`, and the inner required fields) are present. The types are correct: `maxNumOfDevices` is an integer, `value` is an integer, and `unit` is a valid enum string. The only minor observation is that the null fields within `sliceQosProfile` are explicitly set to null rather than omitted, but this is acceptable and consistent with the schema's allowance for null values. Overall, the arguments are well-formed, appropriate, and fully aligned with the user's request.
]
"
True,0.85,"[
	The agent correctly selected the 'create_session' tool, which is the appropriate tool for deploying a network slice reservation. The arguments were well-constructed: maxNumOfDevices was set to 2000 as requested, both downStreamDelayBudget and upStreamDelayBudget were set to 180 Milliseconds (the user said 'ms' which maps to Milliseconds, and applying latency tolerance to both directions is a reasonable interpretation of a general 'latency tolerance' statement), serviceTime and serviceArea were correctly set to null since the user didn't specify them, and downStreamRatePerDevice and upStreamRatePerDevice were correctly set to null since no throughput was mentioned. The tool selection and parameter population follow all the stated rules correctly.
	The agent called `create_session` with a well-structured body that correctly sets `maxNumOfDevices` to 2000, `serviceTime` to null, `serviceArea` to null, and both delay budgets to {value: 180, unit: 'Milliseconds'}. The unit 'Milliseconds' is correct since the user specified 'ms'. The `downStreamRatePerDevice` and `upStreamRatePerDevice` are correctly set to null since the user didn't specify throughput values. However, the user said 'latency tolerance of 180 ms' without specifying whether it applies to downstream, upstream, or both. The agent applied it to both downstream and upstream delay budgets, which is a reasonable interpretation but could be seen as slightly over-interpreting the user's intent. All argument types, formats, and structures match the expected schema. The only minor concern is applying the latency to both directions without explicit user instruction, but this is a defensible default interpretation for a general 'latency tolerance' statement.
]
"
True,0.95,"[
	The agent correctly selected the 'create_session' tool, which is the only appropriate tool for creating a network slice reservation. The arguments were properly constructed: maxNumOfDevices set to 1100 as specified by the user, upStreamRatePerDevice set to {value: 700, unit: 'kbps'} matching the user's request, and all unspecified fields (serviceTime, serviceArea, downStreamRatePerDevice, downStreamDelayBudget, upStreamDelayBudget) were correctly set to null following the rules about not fabricating values. The unit 'kbps' was correctly reused from the user's input without asking for clarification, adhering to rule 4.
	The agent correctly called `create_session` with well-formed arguments that align with both the user's request and the tool's expected input schema. Specifically: (1) `maxNumOfDevices` was correctly set to 1100 as requested. (2) `upStreamRatePerDevice` was correctly set with value 700 and unit 'kbps', matching the user's specification. (3) `downStreamRatePerDevice`, `downStreamDelayBudget`, and `upStreamDelayBudget` were correctly set to null since the user did not specify them. (4) `serviceTime` had both `startDate` and `endDate` set to null, which is appropriate since the user didn't specify a time period. (5) `serviceArea` was set to null since the user didn't specify an area. All required fields in the schema are present, types are correct (integer for value, string for unit), and the unit 'kbps' is within the allowed enum values. The only minor consideration is that the schema technically requires the `sliceQosProfile` fields like `downStreamRatePerDevice` etc. to be objects or null, and they were correctly passed as null. The arguments are fully aligned with the user's intent and the tool's expectations.
]
"
True,0.7,"[
	The agent correctly selected the 'create_session' tool, which is the appropriate tool for provisioning a network slice. The parameters were mostly well-constructed: maxNumOfDevices=3200 matches the user's request, serviceTime and serviceArea are correctly null, and downStreamRatePerDevice/upStreamRatePerDevice are correctly null since the user didn't specify throughput. The delay budget value of 100 with unit 'Milliseconds' is correct since the user specified 'ms'. However, the user said 'packet delay budget of 100 ms' which is a general term - the agent applied it to both downStreamDelayBudget and upStreamDelayBudget, which is a reasonable interpretation but could be debated. A slight deduction is warranted because the user's mention of 'packet delay budget' is ambiguous about whether it applies to both directions, and the agent could have asked for clarification. Overall, the tool selection was correct and the parameterization was reasonable.
	The agent correctly called `create_session` with well-formed arguments that match the tool's expected schema. The `maxNumOfDevices` was correctly set to 3200, `serviceTime` and `serviceArea` were correctly set to null (as per the rules since the user didn't specify them), and `downStreamRatePerDevice`/`upStreamRatePerDevice` were correctly set to null. The delay budget value of 100 with unit 'Milliseconds' is correct since the user specified 'ms'. However, the user said 'packet delay budget of 100 ms' without specifying whether it applies to downstream, upstream, or both. The agent applied it to both `downStreamDelayBudget` and `upStreamDelayBudget`, which is a reasonable interpretation but could be seen as slightly over-specifying since the user mentioned a single 'packet delay budget'. This is a minor issue as applying it to both directions is a sensible default for a general packet delay budget specification. The argument types, formats, and structure all match the tool's expected input schema correctly.
]
"
True,0.95,"[
	The agent correctly selected the 'create_session' tool, which is the only appropriate tool for establishing a new network slice reservation. The arguments were properly constructed: maxNumOfDevices set to 1700 as specified, upStreamRatePerDevice set to {value: 900, unit: 'kbps'} matching the user's request, and all unspecified fields (serviceTime, serviceArea, downStreamRatePerDevice, downStreamDelayBudget, upStreamDelayBudget) correctly set to null following the rules. The unit 'kbps' was correctly reused from the user's input without asking for clarification, adhering to rule 4. No unnecessary tool calls were made.
	The agent correctly called `create_session` with well-formed arguments that align with the user's request. Specifically: (1) `maxNumOfDevices` is set to 1700, matching the user's specification of 1700 devices. (2) `upStreamRatePerDevice` is set to `{""value"": 900, ""unit"": ""kbps""}`, correctly reflecting the user's request for 900 kbps uplink rates, with the unit properly extracted from the user's input. (3) `serviceTime` and `serviceArea` are correctly set to null, as the user did not specify them (following rule 5). (4) `downStreamRatePerDevice`, `downStreamDelayBudget`, and `upStreamDelayBudget` are correctly set to null since the user did not mention them (following rule 8). All required fields in the schema (`serviceTime`, `serviceArea`, `sliceQosProfile`, and the inner required fields) are present. The types are correct: `maxNumOfDevices` is an integer, `value` is an integer, and `unit` is a valid enum string. The only minor observation is that the null fields within `sliceQosProfile` are explicitly set to null rather than omitted, but this is acceptable and arguably more explicit. Overall, the arguments are well-formed, appropriate, and fully aligned with the user's request.
]
"
True,0.85,"[
	The agent correctly selected the 'create_session' tool, which is the appropriate tool for deploying a network slice reservation. The parameters were mostly well-constructed: maxNumOfDevices was set to 2600 as requested, serviceTime and serviceArea were correctly set to null (not specified by user), and downStreamRatePerDevice/upStreamRatePerDevice were correctly set to null. The latency of 200 ms was correctly interpreted with unit 'Milliseconds'. However, the agent applied the latency tolerance to both downStreamDelayBudget and upStreamDelayBudget, which is a reasonable interpretation of 'latency tolerance' (as it could apply to both directions), though the user didn't explicitly distinguish between upstream and downstream. This is a minor concern but generally acceptable. The tool selection itself was perfect - create_session is the only appropriate tool for this task.
	The agent correctly called `create_session` with well-structured arguments that largely match the user's request and the tool's expected schema. Specifically: (1) `maxNumOfDevices` is correctly set to 2600 as requested. (2) `serviceTime` and `serviceArea` are correctly set to null since the user didn't specify them, following the rules. (3) The delay budget value of 200 with unit 'Milliseconds' is correct — the user said '200 ms', and 'ms' maps to 'Milliseconds'. (4) `downStreamRatePerDevice` and `upStreamRatePerDevice` are correctly set to null since no throughput was specified. However, there is a minor issue: the user said 'latency tolerance of 200 ms' without specifying whether it applies to downstream, upstream, or both. The agent applied it to both `downStreamDelayBudget` and `upStreamDelayBudget`, which is a reasonable interpretation but could be seen as slightly over-specifying since the user didn't explicitly mention both directions. This is a defensible choice for a general 'latency tolerance' statement, so only a small deduction is warranted. All argument types, formats, and structures match the tool's input schema correctly.
]
"
True,0.95,"[
	The agent correctly selected the 'create_session' tool, which is the only appropriate tool for creating a network slice reservation. The arguments were properly constructed: maxNumOfDevices set to 1500 as specified, upStreamRatePerDevice set to {value: 500, unit: 'kbps'} matching the user's request, and all unspecified fields (serviceTime, serviceArea, downStreamRatePerDevice, downStreamDelayBudget, upStreamDelayBudget) were correctly set to null following the rules. The unit 'kbps' was correctly reused from the user's input without asking for clarification, adhering to rule 4. No unnecessary tools were called.
	The agent correctly called `create_session` with well-formed arguments that align with the user's request. Specifically: (1) `maxNumOfDevices` is set to 1500, matching the user's specification of 1500 devices. (2) `upStreamRatePerDevice` is set to `{""value"": 500, ""unit"": ""kbps""}`, correctly reflecting the user's request for 500 kbps uplink rates, with the unit properly reused from the user's input per the rules. (3) `downStreamRatePerDevice`, `downStreamDelayBudget`, and `upStreamDelayBudget` are all set to null, which is correct since the user did not specify these values (rule 8: all fields stay null unless specified). (4) `serviceTime` has both `startDate` and `endDate` set to null, correctly following rule 5 since no service time was specified. (5) `serviceArea` is set to null, also correctly following rule 5. The argument types, formats, and structure all match the expected input schema for `create_session`. The only minor concern is that passing explicit null values for `serviceTime.startDate` and `serviceTime.endDate` within an object rather than passing `serviceTime` as null directly is slightly redundant but still valid per the schema. Overall, the arguments are appropriate and well-aligned with the user's request.
]
"
True,0.75,"[
	The agent correctly selected the 'create_session' tool, which is the appropriate tool for provisioning a network slice. The parameters were mostly well-constructed: maxNumOfDevices=800, serviceTime=null, serviceArea=null, downStreamRatePerDevice=null, upStreamRatePerDevice=null are all correct per the rules. The delay budget value of 150 with unit 'Milliseconds' is correct since the user specified 'ms'. However, the user said 'packet delay budget' generically (not specifying upstream vs downstream separately), and the agent applied it to both downStreamDelayBudget and upStreamDelayBudget. This is a reasonable interpretation since 'packet delay budget' is ambiguous and could apply to both directions, though one could argue it should have been clarified. The tool selection itself (create_session) was the correct and only appropriate tool for this task.
	The agent correctly called `create_session` with well-formed arguments that match the tool's expected schema. The `maxNumOfDevices` was correctly set to 800, `serviceTime` and `serviceArea` were correctly set to null (as per rules), and `downStreamRatePerDevice`/`upStreamRatePerDevice` were correctly null since the user didn't specify them. The delay budget value of 150 with unit 'Milliseconds' is correct since the user specified 'ms'. However, the user said 'packet delay budget of 150 ms' without specifying whether it applies to downstream, upstream, or both. The agent applied it to both `downStreamDelayBudget` and `upStreamDelayBudget`, which is a reasonable interpretation but could be seen as slightly over-specifying since the user mentioned a single 'packet delay budget' without distinguishing direction. This is a minor issue as applying it symmetrically is a defensible default. All argument types, formats, and structures match the tool's input schema correctly.
]
"
True,0.95,"[
	The agent correctly selected the 'create_session' tool, which is the appropriate tool for establishing a new network slice reservation. The arguments were well-constructed: maxNumOfDevices was set to 4200 as specified, upStreamRatePerDevice was correctly set to {value: 400, unit: 'kbps'} matching the user's request, and all unspecified fields (serviceTime, serviceArea, downStreamRatePerDevice, downStreamDelayBudget, upStreamDelayBudget) were properly set to null following the rules about not fabricating values. The agent correctly reused the 'kbps' unit provided by the user without asking for clarification. The only minor note is that serviceTime and serviceArea were included with null values rather than being omitted, but this aligns with the required fields in the schema. Overall, the tool selection and parameter population were appropriate and correct.
	The agent correctly called `create_session` with well-formed arguments that closely match the user's request. Specifically: (1) `maxNumOfDevices` is set to 4200, matching the user's specification of 4200 devices. (2) `upStreamRatePerDevice` is set to `{""value"": 400, ""unit"": ""kbps""}`, correctly reflecting the user's 'uplink rates of 400 kbps' — the value is an integer within the valid range (0-1024) and the unit 'kbps' is one of the accepted enum values. (3) `serviceTime` is set with null start/end dates, and `serviceArea` is null, both correctly left unspecified since the user didn't provide these values (per the rules). (4) `downStreamRatePerDevice`, `downStreamDelayBudget`, and `upStreamDelayBudget` are all null, correctly reflecting that the user didn't specify these. The only minor issue is that the structure passes `serviceTime` as `{""startDate"": null, ""endDate"": null}` rather than simply `null`, but this is still valid per the schema (it accepts either the object or null). All argument types, formats, and values are appropriate and aligned with the tool's expected input schema and the user's request.
]
"
True,0.75,"[
	The agent correctly selected the 'create_session' tool, which is the appropriate tool for deploying a network slice reservation. The parameters were well-constructed: maxNumOfDevices set to 2300 as specified, latency set to 180 with unit 'Milliseconds' (the user provided 'ms' so the unit was correctly interpreted), serviceTime and serviceArea correctly set to null since the user didn't specify them, and downStreamRatePerDevice/upStreamRatePerDevice correctly set to null since no throughput was mentioned. The only minor consideration is that the user said 'latency tolerance of 180 ms' which is somewhat ambiguous about whether it applies to both upstream and downstream — the agent applied it to both, which is a reasonable interpretation. All rules were followed correctly.
	The agent correctly called `create_session` with well-formed arguments that match the tool's expected schema. The `maxNumOfDevices` was correctly set to 2300, `serviceTime` and `serviceArea` were correctly set to null (as per the rules since the user didn't specify them), and `downStreamRatePerDevice`/`upStreamRatePerDevice` were correctly set to null. The delay budget value of 180 with unit 'Milliseconds' is correct since the user specified '180 ms'. However, the user said 'latency tolerance of 180 ms' without specifying whether it applies to downstream, upstream, or both. The agent applied it to both `downStreamDelayBudget` and `upStreamDelayBudget`, which is a reasonable interpretation but could be debated — applying it to both is a common and defensible default for a general latency tolerance statement. The slight deduction is because the user's mention of 'latency tolerance' is ambiguous and the agent made an assumption to apply it to both directions rather than asking for clarification, though this is a minor issue. All argument types, formats, and structures match the tool's expected input schema correctly.
]
"
True,0.9,"[
	The agent correctly selected the 'create_session' tool, which is the only appropriate tool for creating a network slice reservation. The arguments were well-constructed: downstream rate was set to 250 Mbps (matching the user's specification with unit included), packet delay budget was correctly mapped to 'downStreamDelayBudget' with value 12 and unit 'Milliseconds' (the user said 'ms', which correctly maps to Milliseconds). Fields not specified by the user (serviceTime, serviceArea, maxNumOfDevices, upStreamRatePerDevice, upStreamDelayBudget) were correctly set to null, following the rules about not fabricating values. The only minor consideration is whether 'packet delay budget' should apply to both downstream and upstream delay budgets or just downstream - the agent chose only downstream, which is a reasonable interpretation but could be debated. Overall, the tool selection and parameter population were appropriate and correct.
	The agent correctly called `create_session` with well-formed arguments that closely match the user's request. The downstream rate was set to 250 Mbps (matching '250 Mbps per device'), and the packet delay budget was set to 12 Milliseconds (the user said '12 ms', and per the rules, 'ms' maps to 'Milliseconds'). The `serviceTime` and `serviceArea` were correctly set to null since the user didn't specify them, and `maxNumOfDevices` was null since no device count was mentioned. The `upStreamRatePerDevice` and `upStreamDelayBudget` were set to null since the user didn't request them. All argument types, formats, and values align with the tool's input schema and the user's request. The only minor consideration is that the delay budget field used was `downStreamDelayBudget` — the user said 'packet delay budget' without specifying direction. This could arguably apply to both downstream and upstream, but using downstream alone is a reasonable interpretation given the context of downstream rates being the focus. This is a very minor ambiguity rather than an error.
]
"
True,0.9,"[
	The agent correctly selected the 'create_session' tool, which is the appropriate tool for provisioning a network slice reservation. The arguments were well-constructed: maxNumOfDevices set to 60, downStreamRatePerDevice set to 400 Mbps (correctly reusing the user-provided unit), and all unspecified fields (serviceTime, serviceArea, upStreamRatePerDevice, downStreamDelayBudget, upStreamDelayBudget) properly set to null, following the rules about not fabricating values. The tool selection and parameter population are accurate and aligned with the user's request.
	The agent correctly called `create_session` with well-formed arguments that align with the user's request. Specifically: (1) `maxNumOfDevices` is set to 60, matching the user's specification of 60 devices. (2) `downStreamRatePerDevice` has value 400 and unit 'Mbps', correctly reflecting '400 Mbps downstream per device'. (3) `serviceTime` and `serviceArea` are null, which is correct since the user didn't specify them (per rule 5). (4) `upStreamRatePerDevice`, `downStreamDelayBudget`, and `upStreamDelayBudget` are null, which is correct since the user didn't mention these (per rule 8). All argument types match the expected schema: integers for numeric values, strings for units, null for unspecified fields. The structure of the body object with nested `sliceQosProfile` is properly formed. The only minor issue is that `upStreamRatePerDevice`, `downStreamDelayBudget`, and `upStreamDelayBudget` are passed as null rather than as objects or omitted, but the schema allows null for these fields, so this is valid.
]
"
True,0.95,"[
	The agent correctly selected the 'create_session' tool, which is the appropriate tool for establishing a network slice reservation. The arguments were well-constructed: downstream rate was set to 200 Mbps as specified, latency was correctly placed in 'downStreamDelayBudget' with value 20 and unit 'Milliseconds' (the user said 'ms' which maps correctly). Fields not mentioned by the user (serviceTime, serviceArea, maxNumOfDevices, upStreamRatePerDevice, upStreamDelayBudget) were correctly set to null, following the rules about not fabricating values. The only minor consideration is whether 'latency under 20 ms' should apply to both downstream and upstream delay budgets, but since the user's context (reviewing HD feeds) is primarily a downstream activity, applying it only to downstream is a reasonable interpretation. Overall, the tool selection and parameter population were appropriate and correct.
	The agent correctly called `create_session` with well-formed arguments that align with the user's request. The downstream rate was set to 200 Mbps as specified, and the latency (downStreamDelayBudget) was set to 20 Milliseconds, correctly interpreting 'ms' as Milliseconds per the rules. The `serviceTime`, `serviceArea`, `maxNumOfDevices`, `upStreamRatePerDevice`, and `upStreamDelayBudget` were all correctly set to null since the user did not specify them, following the rule that all fields stay null unless the user specifies them. The argument types (integer for values, string for units) match the expected schema. The only minor consideration is that the user said 'latency under 20 ms' which could be interpreted as a general latency requirement rather than specifically downstream delay budget, but mapping it to downStreamDelayBudget is a reasonable interpretation given the context of HD feed viewing (downstream-focused). All required fields in the schema are present and properly structured.
]
"
True,0.95,"[
	The agent correctly selected the 'create_session' tool, which is the appropriate tool for deploying a network slice reservation. The arguments were well-constructed: maxNumOfDevices set to 100 as specified, downStreamRatePerDevice set to 150 Mbps matching the user's request with the correct unit, and all unspecified fields (serviceTime, serviceArea, upStreamRatePerDevice, downStreamDelayBudget, upStreamDelayBudget) were correctly set to null following the rules. The agent did not fabricate any values and correctly reused the 'Mbps' unit provided by the user without asking for clarification. The only minor note is that the tool call appears in the agent's output but is not listed under 'MCP Primitives Used', though the tool selection itself was correct and appropriate.
	The agent correctly called `create_session` with well-formed arguments that align with the user's request. Specifically: (1) `maxNumOfDevices` was set to 100, matching the user's specification of 100 devices. (2) `downStreamRatePerDevice` was set to `{""value"": 150, ""unit"": ""Mbps""}`, correctly reflecting the user's request for 150 Mbps downstream rates, with the unit properly extracted from the user's input. (3) `serviceTime` and `serviceArea` were correctly set to null, as the user did not specify them (following rule 5). (4) `upStreamRatePerDevice`, `downStreamDelayBudget`, and `upStreamDelayBudget` were set to null, as the user did not mention these parameters (following rule 8). All required fields in the schema (`serviceTime`, `serviceArea`, `sliceQosProfile`, and the nested required fields) are present. The types are correct: `maxNumOfDevices` is an integer, `value` is an integer, and `unit` is a valid enum string. The only minor observation is that `upStreamRatePerDevice`, `downStreamDelayBudget`, and `upStreamDelayBudget` are passed as null rather than as objects, but the schema allows null for these fields via the `anyOf` construct, so this is valid.
]
"
True,0.9,"[
	The agent correctly selected the 'create_session' tool, which is the only appropriate tool for creating a network slice reservation. The arguments were well-constructed: downstream rate per device was set to 90 Mbps as specified by the user, and all unspecified fields (serviceTime, serviceArea, maxNumOfDevices, upStreamRatePerDevice, downStreamDelayBudget, upStreamDelayBudget) were correctly set to null, adhering to the rules about not fabricating values. The user mentioned 'prioritizing user experience' but didn't specify latency or upstream values, so leaving those null is correct. The unit 'Mbps' was correctly extracted from the user's input without asking again. The only minor consideration is whether 'prioritizing user experience' should have prompted the agent to ask about latency budgets, but since the rules state fields should stay null unless specified, the agent's behavior is appropriate.
	The agent correctly called `create_session` with well-formed arguments that align with the user's request. The downstream rate per device was correctly set to 90 Mbps as specified by the user. The `serviceTime` and `serviceArea` fields were correctly set to null since the user did not specify them, following rule 5. The `maxNumOfDevices` was correctly set to null since the user did not specify a number of devices, following rules 1 and 8. The `upStreamRatePerDevice`, `downStreamDelayBudget`, and `upStreamDelayBudget` were correctly set to null since the user did not specify them, following rule 8. The unit 'Mbps' was correctly reused from the user's input without asking again, following rule 4. The only minor concern is that the user mentioned 'prioritizing user experience' which could potentially imply low latency, but per rule 8, all fields should stay null unless the user explicitly specifies them, so not setting delay budgets is correct. The argument structure matches the expected schema for the `create_session` tool.
]
"
True,0.85,"[
	The agent correctly selected the 'create_session' tool, which is the appropriate tool for provisioning a network slice. The arguments were well-constructed: maxNumOfDevices was set to 500 as specified, both downStreamDelayBudget and upStreamDelayBudget were set to 4 Milliseconds (the user said 'latency capped at 4 ms' which reasonably applies to both directions, and 'ms' correctly maps to 'Milliseconds'), serviceTime and serviceArea were correctly set to null since the user didn't specify them, and downStreamRatePerDevice and upStreamRatePerDevice were correctly set to null since no throughput was mentioned. The only minor consideration is whether applying the latency cap to both upstream and downstream is the right interpretation — the user said 'latency capped at 4 ms' generically, so applying it to both directions is a reasonable interpretation. All fields follow the rules: no fabricated values, correct unit assumption for latency.
	The agent called `create_session` with arguments that are largely well-formed and appropriate. The `maxNumOfDevices` is correctly set to 500 as specified by the user. The latency value of 4 with unit 'Milliseconds' correctly maps the user's '4 ms' specification, following rule 6 (assume Milliseconds if no unit, though here 'ms' was given which maps correctly). The `serviceTime` and `serviceArea` are correctly set to null since the user didn't specify them, following rules 5 and 8. The `downStreamRatePerDevice` and `upStreamRatePerDevice` are correctly set to null since no throughput was mentioned. One minor concern: the user said 'latency capped at 4 ms' which is a general latency constraint. The agent applied it to both `downStreamDelayBudget` and `upStreamDelayBudget`, which is a reasonable interpretation since 'latency' without direction specification could apply to both. However, one could argue this is a slight assumption rather than strictly what the user specified — the user said 'latency' generically, so applying it bidirectionally is defensible. All argument types match the expected schema (integers for values, strings for units, nulls where appropriate). The structure of the body object matches the required schema with all required fields present.
]
"
True,0.85,"[
	The agent correctly selected the 'create_session' tool, which is the appropriate tool for establishing a network slice reservation. The arguments were mostly well-constructed: upStreamRatePerDevice was correctly set to {value: 35, unit: 'Mbps'}, serviceTime and serviceArea were correctly set to null, maxNumOfDevices and downStreamRatePerDevice were correctly set to null, and downStreamDelayBudget was correctly set to null. However, the packet delay budget of 3 ms was placed only in upStreamDelayBudget. The user said 'packet delay budget' without specifying upstream or downstream, which is ambiguous. A reasonable interpretation could be to apply it to both upstream and downstream delay budgets, or at least to ask for clarification. Placing it only in upStreamDelayBudget is a defensible choice given the context of uplink-focused robotic firefighting units, but it's not definitively correct. The unit 'Milliseconds' was correctly used since 'ms' maps to milliseconds. Overall, the tool selection was correct and the parameterization was mostly appropriate.
	The agent correctly called `create_session` with well-structured arguments that mostly align with the user's request and the tool's expected schema. Specifically: (1) `serviceTime` and `serviceArea` are correctly set to null since the user didn't specify them, following the rules. (2) `upStreamRatePerDevice` is correctly set to `{""value"": 35, ""unit"": ""Mbps""}`, matching the user's request for 35 Mbps uplink. (3) `maxNumOfDevices`, `downStreamRatePerDevice`, and `downStreamDelayBudget` are correctly set to null since the user didn't specify them. (4) The user said 'packet delay budget of 3 ms' without specifying upstream or downstream direction. The agent mapped this to `upStreamDelayBudget` with `{""value"": 3, ""unit"": ""Milliseconds""}`. While the unit 'Milliseconds' is correct (the user said 'ms'), the interpretation of 'packet delay budget' as only upstream is debatable — it could reasonably apply to both upstream and downstream, or just upstream given the context of uplink-focused robotic firefighting units. This is a minor ambiguity but the agent's choice is reasonable given the uplink context. The value 3 and unit 'Milliseconds' are correct. All argument types match the expected schema (integers for values, strings for units, nulls where appropriate). The structure is well-formed and all required fields are present.
]
"
True,0.85,"[
	The agent correctly selected the 'create_session' tool, which is the appropriate tool for deploying a network slice reservation. The parameters were well-constructed: maxNumOfDevices set to 600 as specified, both downStreamDelayBudget and upStreamDelayBudget set to 5 Milliseconds (correctly interpreting 'ms' as Milliseconds per rule 6), serviceTime and serviceArea correctly set to null (per rules 5 and 8), and downStreamRatePerDevice/upStreamRatePerDevice correctly set to null since no throughput was mentioned. The only minor consideration is whether applying the 5ms latency to both upstream and downstream is the best interpretation of 'latency under 5 ms' — it's a reasonable interpretation since the user didn't specify directionality, and collision avoidance systems would need low latency in both directions. Overall, the tool selection and parameter population were appropriate and correct.
	The agent correctly called `create_session` with well-structured arguments that largely match the user's request and the tool's expected schema. Specifically: (1) `maxNumOfDevices` is correctly set to 600 as requested. (2) `serviceTime` and `serviceArea` are correctly set to null since the user didn't specify them, following the rules. (3) The latency value of 5 with unit 'Milliseconds' is correct — the user said 'under 5 ms', and per rule 6, 'ms' maps to 'Milliseconds'. (4) `downStreamRatePerDevice` and `upStreamRatePerDevice` are correctly set to null since no throughput was mentioned. (5) Both `downStreamDelayBudget` and `upStreamDelayBudget` are set to {value: 5, unit: 'Milliseconds'}. The user said 'latency under 5 ms' without specifying upstream vs downstream, so applying it to both directions is a reasonable interpretation. The slight deduction is because the user said 'under 5 ms' which implies a strict less-than constraint, but the agent set the value to exactly 5 — this is a minor semantic mismatch but is a common and acceptable approximation given the tool only accepts integer values and doesn't support strict inequality semantics. Overall, the arguments are well-formed, correctly typed, and appropriately aligned with the user's request.
]
"
True,0.95,"[
	The agent correctly selected the 'create_session' tool, which is the only appropriate tool for creating a network slice reservation. The arguments were well-constructed: downstream rate was set to 70 Mbps (matching the user's specification with unit), latency was correctly mapped to downStreamDelayBudget with value 6 and unit 'Milliseconds' (correctly assuming ms as per rule 6, and the user explicitly said 'ms'), and all unspecified fields (serviceTime, serviceArea, maxNumOfDevices, upStreamRatePerDevice, upStreamDelayBudget) were correctly set to null following the rules about not fabricating values. The tool selection and parameter population were appropriate and accurate.
	The agent correctly called `create_session` with well-formed arguments that align with the user's request. The downstream rate was set to 70 Mbps as requested, and the latency (downStreamDelayBudget) was set to 6 Milliseconds, correctly interpreting 'ms' as Milliseconds per rule 6. The user specified 'Mbps' explicitly, so the unit was correctly reused per rule 4. Fields not mentioned by the user (serviceTime, serviceArea, maxNumOfDevices, upStreamRatePerDevice, upStreamDelayBudget) were correctly set to null, following rule 8. All required fields in the schema are present. The only minor consideration is that the user said 'latency of 6 ms' without specifying downstream vs upstream — the agent reasonably mapped it to downStreamDelayBudget given the context of 'downstream rates,' though one could argue it might apply to both directions. This is a reasonable interpretation. All argument types, formats, and values are correct and well-aligned with the tool's expected input schema.
]
"
True,0.75,"[
	The agent correctly selected the 'create_session' tool, which is the appropriate tool for provisioning a network slice. The parameters were mostly well-constructed: maxNumOfDevices=250, serviceTime=null, serviceArea=null, downStreamRatePerDevice=null, upStreamRatePerDevice=null are all correct per the rules. The delay budget value of 4 with unit 'Milliseconds' is correct since the user said '4 ms'. However, the user said 'packet delay budget' generically, and the agent applied it to both downStreamDelayBudget and upStreamDelayBudget. This is a reasonable interpretation since 'packet delay budget' is ambiguous and could apply to both directions, though one could argue it should have been clarified. The tool selection itself (create_session) is unquestionably correct - it's the only tool that can provision a slice. Minor deduction for potentially over-interpreting the delay budget to both directions without asking for clarification.
	The agent correctly called `create_session` with well-formed arguments that match the tool's expected input schema. The `maxNumOfDevices` was correctly set to 250, `serviceTime` and `serviceArea` were correctly set to null (as per rules 5 and 8), and `downStreamRatePerDevice`/`upStreamRatePerDevice` were correctly set to null since the user didn't specify them. The `downStreamDelayBudget` was correctly set with value 4 and unit 'Milliseconds' (matching the 'ms' unit provided by the user). However, the agent also populated `upStreamDelayBudget` with the same value of 4 Milliseconds, which is debatable. The user said 'packet delay budget of 4 ms' without specifying upstream vs downstream separately. While applying the delay budget to both directions is a reasonable interpretation of a generic 'packet delay budget', it could also be argued that the user's intent was ambiguous and the agent should have asked for clarification, or that applying it to both is the correct default interpretation. This is a minor issue since the user's phrasing 'packet delay budget' is general and could reasonably apply to both directions. All argument types, formats, and structures are correct and match the tool's schema.
]
"
True,0.95,"[
	The agent correctly selected the 'create_session' tool, which is the only appropriate tool for establishing a new network slice reservation. The arguments were properly constructed: maxNumOfDevices set to 3100, upStreamRatePerDevice set to {value: 300, unit: 'kbps'}, and all unspecified fields (serviceTime, serviceArea, downStreamRatePerDevice, downStreamDelayBudget, upStreamDelayBudget) correctly set to null. The agent followed all the rules: it reused the user-provided unit 'kbps' without asking, didn't fabricate any values, and only populated fields explicitly mentioned by the user.
	The agent correctly called `create_session` with well-formed arguments that align with the user's request. Specifically: (1) `maxNumOfDevices` is set to 3100, matching the user's specification of 3100 devices. (2) `upStreamRatePerDevice` is correctly set with value 300 and unit 'kbps', matching the user's 'uplink rates of 300 kbps'. (3) `downStreamRatePerDevice`, `downStreamDelayBudget`, and `upStreamDelayBudget` are correctly set to null since the user didn't specify them. (4) `serviceTime` has null start/end dates and `serviceArea` is null, following the rule that these stay null unless specified. All argument types match the expected schema (integers for values, strings for units, nulls where appropriate). The only minor observation is that the structure passes null values for `startDate` and `endDate` within `serviceTime` rather than setting `serviceTime` itself to null, but this is still valid per the schema since both fields accept null. Overall, the arguments are appropriate, correctly typed, and well-aligned with the user's request.
]
"
True,0.85,"[
	The agent correctly selected the 'create_session' tool, which is the appropriate tool for deploying a network slice reservation. The parameters were well-constructed: maxNumOfDevices was set to 1900 as specified, both downStreamDelayBudget and upStreamDelayBudget were set to 200 Milliseconds (the user said 'ms' which maps to Milliseconds, and applying latency tolerance to both directions is a reasonable interpretation), serviceTime and serviceArea were correctly set to null since the user didn't specify them, and downStreamRatePerDevice and upStreamRatePerDevice were correctly set to null since no throughput was mentioned. The only minor consideration is whether applying the latency budget to both upstream and downstream is the ideal interpretation of 'latency tolerance of 200 ms' — it could arguably apply to just one direction — but applying it to both is a reasonable and conservative approach for telemetry use cases. No unnecessary tools were called.
	The agent called `create_session` with well-structured arguments that largely match the tool's expected input schema and the user's request. Specifically: (1) `maxNumOfDevices` is correctly set to 1900 as requested. (2) The latency value of 200 with unit 'Milliseconds' is correct — the user said '200 ms', and per rule 6, 'ms' maps to 'Milliseconds'. (3) `serviceTime` and `serviceArea` are correctly set to null since the user didn't specify them, following rule 5. (4) `downStreamRatePerDevice` and `upStreamRatePerDevice` are correctly null since no throughput was mentioned. (5) The argument types and structure match the schema expectations. However, there is a minor concern: the user said 'latency tolerance of 200 ms' without specifying whether it applies to downstream, upstream, or both. The agent applied it to both `downStreamDelayBudget` and `upStreamDelayBudget`, which is a reasonable interpretation but could be seen as slightly over-specifying since the user gave a single general latency value. This is a defensible choice for a general latency requirement, so only a small deduction is warranted.
]
"
True,0.95,"[
	The agent correctly selected the 'create_session' tool, which is the only appropriate tool for creating a network slice reservation. The arguments were properly constructed: maxNumOfDevices set to 2700, upStreamRatePerDevice set to {value: 800, unit: 'kbps'}, and all unspecified fields (serviceTime, serviceArea, downStreamRatePerDevice, downStreamDelayBudget, upStreamDelayBudget) were correctly set to null, following the rules that fields should stay null unless specified by the user. The unit 'kbps' was correctly reused from the user's input without asking for clarification, adhering to rule 4. No unnecessary tool calls were made.
	The agent correctly called `create_session` with well-formed arguments that align with the user's request. Specifically: (1) `maxNumOfDevices` is set to 2700, matching the user's specification of 2700 devices. (2) `upStreamRatePerDevice` is set to `{""value"": 800, ""unit"": ""kbps""}`, correctly reflecting the user's request for 800 kbps uplink rates, with the unit properly extracted from the user's input. (3) `downStreamRatePerDevice`, `downStreamDelayBudget`, and `upStreamDelayBudget` are all set to null, which is correct since the user did not specify these values (following rule 8: all fields stay null unless specified). (4) `serviceTime` has both `startDate` and `endDate` set to null, correctly reflecting that the user did not specify a service time (rule 5). (5) `serviceArea` is set to null, correctly reflecting that the user did not specify a service area (rule 5). The argument types, formats, and structure all match the expected input schema for `create_session`. The only minor concern is that `serviceTime` is passed as an object with null fields rather than simply null, but this is still valid per the schema which accepts either the object or null. Overall, the arguments are appropriate, well-formed, and correctly aligned with the user's request.
]
"
True,0.7,"[
	The agent correctly selected the 'create_session' tool, which is the appropriate tool for provisioning a network slice. The parameters were mostly well-populated: maxNumOfDevices=2100, and the delay budget of 150 with unit 'Milliseconds' (correctly using the provided 'ms' unit). The serviceTime and serviceArea were correctly set to null as per the rules. However, there's a minor issue: the user said 'packet delay budget of 150 ms' without specifying upstream vs downstream separately, and the agent applied it to both downStreamDelayBudget and upStreamDelayBudget. This is a reasonable interpretation since 'packet delay budget' is generic and could apply to both directions, though one could argue it should have been clarified. The downStreamRatePerDevice and upStreamRatePerDevice were correctly set to null since the user didn't specify them. Overall, the tool selection was correct and the parameterization was reasonable.
	The agent correctly called `create_session` with well-formed arguments matching the expected schema. The `maxNumOfDevices` was correctly set to 2100, and the delay budget value of 150 with unit 'Milliseconds' is correct (the user said '150 ms'). The `serviceTime` and `serviceArea` were correctly set to null since the user didn't specify them, and `downStreamRatePerDevice` and `upStreamRatePerDevice` were correctly set to null. However, the user said 'packet delay budget of 150 ms' which is a single general mention of delay. The agent applied it to both `downStreamDelayBudget` and `upStreamDelayBudget`, which is a reasonable interpretation but could be seen as fabricating a value for one direction if the user only intended one. This is a borderline case - 'packet delay budget' is ambiguous and could reasonably apply to both directions, so this is acceptable but slightly presumptive. The argument types, formats, and structure all match the tool's expected input schema correctly.
]
"
True,0.95,"[
	The agent correctly selected the 'create_session' tool, which is the only appropriate tool for establishing a new network slice reservation. The arguments were properly constructed: maxNumOfDevices set to 1200 as specified, upStreamRatePerDevice set to {value: 600, unit: 'kbps'} matching the user's request, and all unspecified fields (serviceTime, serviceArea, downStreamRatePerDevice, downStreamDelayBudget, upStreamDelayBudget) were correctly set to null following the rules. The unit 'kbps' was correctly reused from the user's input without asking for clarification, adhering to rule 4. No unnecessary tool calls were made.
	The agent correctly called `create_session` with well-formed arguments that align with the user's request. Specifically: (1) `maxNumOfDevices` was set to 1200, matching the user's specification of 1200 devices. (2) `upStreamRatePerDevice` was set to `{""value"": 600, ""unit"": ""kbps""}`, correctly reflecting the user's request for 600 kbps uplink rates, with the unit properly extracted from the user's input. (3) `serviceTime` and `serviceArea` were correctly set to null, as the user did not specify them (following rule 5). (4) `downStreamRatePerDevice`, `downStreamDelayBudget`, and `upStreamDelayBudget` were correctly set to null since the user did not mention them (following rule 8). All argument types match the expected schema: integers for numeric values, strings for units, and null for unspecified optional fields. The structure of the body object matches the required schema with all required fields present. The only minor note is that the unit 'kbps' is valid per the enum ['bps', 'kbps', 'Mbps', 'Gbps', 'Tbps']. Everything is correctly aligned with the user's intent and the tool's expected input format.
]
"
True,0.95,"[
	The agent correctly selected the 'create_session' tool, which is the only appropriate tool for creating a network slice reservation. The arguments were well-constructed: downstream rate was set to 180 Mbps as specified, latency was correctly placed in downStreamDelayBudget with value 15 and unit 'Milliseconds' (the user said 'ms', which maps correctly). Fields not mentioned by the user (serviceTime, serviceArea, maxNumOfDevices, upStreamRatePerDevice, upStreamDelayBudget) were correctly set to null, following the rules about not fabricating values. The tool selection and parameter population are accurate and appropriate. A minor consideration is that 'latency of 15 ms' could arguably apply to both downstream and upstream delay budgets, but placing it only in downstream is a reasonable interpretation. Overall, excellent tool selection and usage.
	The agent correctly called `create_session` with well-formed arguments that closely match the user's request and the tool's expected input schema. Specifically: (1) `serviceTime` is null, which is correct since the user didn't specify a service time. (2) `serviceArea` is null, correct since no area was specified. (3) `downStreamRatePerDevice` has value 180 and unit 'Mbps', matching the user's '180 Mbps downstream per device'. (4) `downStreamDelayBudget` has value 15 and unit 'Milliseconds', correctly interpreting '15 ms' latency. (5) `maxNumOfDevices` is null since the user didn't specify a device count. (6) `upStreamRatePerDevice` is null since no upstream rate was mentioned. (7) `upStreamDelayBudget` is null since no upstream latency was specified. All types are correct (integers for values, strings for units), all required fields in the schema are present, and no fabricated values were introduced. The only minor consideration is that the user said 'latency of 15 ms' which could arguably apply to both downstream and upstream delay budgets, but interpreting it as downstream-only is a reasonable default. The arguments are well-structured and semantically aligned with the user's request.
]
"
True,0.9,"[
	The agent correctly selected the 'create_session' tool, which is the only appropriate tool for provisioning a new network slice. The arguments were properly constructed: maxNumOfDevices set to 90 as specified, downStreamRatePerDevice set to 300 Mbps matching the user's request with the correct unit, and all unspecified fields (serviceTime, serviceArea, upStreamRatePerDevice, downStreamDelayBudget, upStreamDelayBudget) were correctly set to null following the rules. No unnecessary tool calls were made, and no better alternative existed among the available tools.
	The agent correctly called `create_session` with well-formed arguments that align with the user's request. The `maxNumOfDevices` was set to 90 as specified, `downStreamRatePerDevice` was correctly set to {value: 300, unit: 'Mbps'} matching the user's '300 Mbps' specification, and `serviceTime` and `serviceArea` were correctly set to null since the user didn't specify them. The `upStreamRatePerDevice`, `downStreamDelayBudget`, and `upStreamDelayBudget` were set to null, which is appropriate since the user didn't mention these. All argument types match the expected schema (integer for maxNumOfDevices, object with value/unit for rate, null for unspecified fields). The only minor issue is that the schema requires all fields in `sliceQosProfile` to be present (`required: ['maxNumOfDevices', 'downStreamRatePerDevice', 'upStreamRatePerDevice', 'downStreamDelayBudget', 'upStreamDelayBudget']`), and while they are all present, they are set to null where not specified, which is acceptable given the nullable types defined in the schema. The arguments are well-structured and semantically correct.
]
"
True,0.95,"[
	The agent correctly selected the 'create_session' tool, which is the only appropriate tool for establishing a new network slice reservation. The arguments were well-constructed: maxNumOfDevices was set to 400 as specified, upStreamRatePerDevice was correctly set to {value: 45, unit: 'Mbps'} matching the user's request, and all unspecified fields (serviceTime, serviceArea, downStreamRatePerDevice, downStreamDelayBudget, upStreamDelayBudget) were properly set to null following the rules. The agent did not fabricate any values and correctly reused the 'Mbps' unit provided by the user without asking for clarification. The tool selection and parameter population were entirely appropriate for the user's request.
	The agent correctly called `create_session` with well-formed arguments that align with the user's request. Specifically: (1) `maxNumOfDevices` is set to 400, matching the user's specification of 400 devices. (2) `upStreamRatePerDevice` is set to `{""value"": 45, ""unit"": ""Mbps""}`, correctly reflecting the user's '45 Mbps' uplink rate with the unit already provided. (3) `serviceTime` and `serviceArea` are correctly set to null since the user did not specify them, following the rules. (4) `downStreamRatePerDevice`, `downStreamDelayBudget`, and `upStreamDelayBudget` are correctly set to null since the user did not mention them. All argument types match the expected schema (integers for values, strings for units, null for unspecified fields). The structure of the body object conforms to the `create_session` input schema with all required fields present. The only minor consideration is that the tool schema shows `required: ['maxNumOfDevices', 'downStreamRatePerDevice', 'upStreamRatePerDevice', 'downStreamDelayBudget', 'upStreamDelayBudget']` for sliceQosProfile, and the agent passes null for the non-specified ones, which is acceptable since the schema allows null types for these fields.
]
"
True,0.7,"[
	The agent correctly selected the 'create_session' tool, which is the appropriate tool for deploying a network slice reservation. The parameters were mostly well-constructed: upStreamRatePerDevice was correctly set to 250 Mbps, serviceTime and serviceArea were correctly set to null, and maxNumOfDevices was correctly null since the user didn't specify a count. However, there's a minor issue with the packet delay budget placement. The user said 'packet delay budget of 18 ms' without specifying upstream or downstream specifically. The agent placed it only in upStreamDelayBudget, which is a reasonable interpretation given the context of live election coverage (uplink-heavy use case), but 'packet delay budget' is a general term that could arguably apply to both directions. The unit 'Milliseconds' was correctly inferred from 'ms'. The downStreamRatePerDevice and downStreamDelayBudget were correctly left as null since the user didn't specify them. Overall, the tool selection was correct and the parameterization was reasonable.
	The agent correctly called `create_session` with well-structured arguments that mostly align with the user's request and the tool's expected schema. Specifically: (1) `serviceTime` and `serviceArea` are correctly set to null since the user didn't specify them. (2) `maxNumOfDevices` is correctly null since the user didn't specify a count. (3) `upStreamRatePerDevice` is correctly set to {value: 250, unit: 'Mbps'}, matching the user's '250 Mbps uplink' request. (4) `downStreamRatePerDevice` is correctly null since the user didn't specify it. However, there is a notable issue: the user said 'packet delay budget of 18 ms' without specifying upstream or downstream direction. The agent placed it only in `upStreamDelayBudget` and left `downStreamDelayBudget` as null. While one could argue that since the context is about uplink-heavy live coverage, placing it in upstream delay is reasonable, a 'packet delay budget' without directional qualifier is ambiguous and could reasonably apply to both directions or at least should have prompted clarification. The unit 'Milliseconds' is correctly inferred from 'ms' per the rules. The types and formats of all arguments match the expected schema (integers for values, valid enum strings for units, nulls where appropriate).
]
"
False,0.2,"[
	The agent selected the correct tool (create_session) for creating a network slice, which is appropriate. However, the agent violated multiple rules from the system prompt by fabricating values that the user never specified. The user only requested 700 devices and 85 Mbps downstream. The agent fabricated: (1) serviceTime with specific dates (should be null per rule 5), (2) serviceArea with areaType 'CIRCLE' (should be null per rule 5), (3) upStreamRatePerDevice of 10 Mbps (never mentioned by user, should be null per rule 8), (4) downStreamDelayBudget of 100 Milliseconds (never mentioned, should be null per rule 8), and (5) upStreamDelayBudget of 100 Milliseconds (never mentioned, should be null per rule 8). While the tool choice was correct, the tool was used with extensively fabricated parameters, making the usage highly inappropriate despite the right tool being selected.
	The agent fabricated several values that the user never specified, violating the system rules. Specifically: (1) serviceTime was populated with arbitrary dates ('2024-06-01T12:00:00Z' to '2024-06-02T12:00:00Z') when the user never mentioned any service time — per rule 5, it should stay null. (2) serviceArea was populated with areaType 'CIRCLE' when the user mentioned 'city-wide' but did not provide specific area parameters — per rule 5, area should stay null unless the user specifies it (the user's mention of 'city-wide' is descriptive context, not a structured area specification). (3) upStreamRatePerDevice was fabricated with value 10 and unit 'Mbps' — the user only specified downstream rates, and per rule 8, all fields stay null unless the user specifies them. (4) downStreamDelayBudget and upStreamDelayBudget were fabricated with value 100 and unit 'Milliseconds' — the user never mentioned any latency/delay budget. The correctly populated fields were maxNumOfDevices (700) and downStreamRatePerDevice (value: 85, unit: 'Mbps'), which accurately reflect the user's request. The argument types and structure are valid per the tool's schema, but the content of many fields is fabricated rather than derived from user input.
]
"
True,0.85,"[
	The agent correctly selected the 'create_session' tool, which is the appropriate tool for provisioning a network slice. The arguments were well-constructed: maxNumOfDevices set to 350 as specified, both downStreamDelayBudget and upStreamDelayBudget set to 6 Milliseconds (correctly applying the rule that 'ms' maps to 'Milliseconds'), serviceTime and serviceArea correctly set to null since the user didn't specify them, and downStreamRatePerDevice/upStreamRatePerDevice set to null since no throughput was mentioned. The only minor consideration is that the user said 'latency under 6 ms' which could be interpreted as applying to both upstream and downstream delay budgets — the agent applied it to both, which is a reasonable interpretation for 'synchronized traffic camera control'. The tool selection was perfect given the available primitives.
	The agent called `create_session` with well-structured arguments that largely match the tool's expected input schema and the user's request. Specifically: (1) `maxNumOfDevices` is correctly set to 350 as requested. (2) `serviceTime` and `serviceArea` are correctly set to null since the user didn't specify them, following the rules. (3) The latency value of 6 with unit 'Milliseconds' is correct — the user said '6 ms', and per rule 6, ms maps to Milliseconds. (4) `downStreamRatePerDevice` and `upStreamRatePerDevice` are correctly null since no throughput was specified. (5) Both `downStreamDelayBudget` and `upStreamDelayBudget` are set to 6 Milliseconds. The user said 'latency under 6 ms' without specifying upstream vs downstream separately, so applying it to both directions is a reasonable interpretation. However, a minor concern is that the user said 'under 6 ms' which implies the latency should be strictly less than 6, but the agent set the value to 6. This is a semantic nuance — the tool schema doesn't support 'less than' semantics, so using 6 as the budget value is the closest approximation. All argument types, formats, and structures conform to the tool's input schema. The only slight deduction is for the debatable application of latency to both upstream and downstream when the user just said 'latency' generically, though this is arguably the safest interpretation.
]
"
True,0.75,"[
	The agent correctly selected the 'create_session' tool, which is the appropriate tool for establishing a network slice reservation. The parameters were mostly well-constructed: maxNumOfDevices=900 is correct, serviceTime and serviceArea are null as per the rules, and the delay budget value of 5 with unit 'Milliseconds' correctly interprets 'ms'. However, the user said 'packet delay budget of 5 ms' without specifying whether it applies to downstream, upstream, or both. The agent applied it to both downStreamDelayBudget and upStreamDelayBudget, which is a reasonable interpretation but could be seen as slightly over-interpreting the request. The downStreamRatePerDevice and upStreamRatePerDevice are correctly set to null since the user didn't specify them. Overall, the tool selection was correct and the parameterization was largely appropriate.
	The agent called `create_session` with mostly correct arguments. The `maxNumOfDevices` was correctly set to 900, `serviceTime` and `serviceArea` were correctly set to null (as per rules), and the delay budget value of 5 with unit 'Milliseconds' correctly reflects the user's '5 ms'. The `downStreamRatePerDevice` and `upStreamRatePerDevice` were correctly set to null since the user didn't specify throughput. However, the user said 'packet delay budget of 5 ms' which is a single general term. The agent applied it to both `downStreamDelayBudget` and `upStreamDelayBudget`, which is a reasonable interpretation but could be debated — the user didn't explicitly distinguish between upstream and downstream delay. This is a minor issue. All argument types, formats, and structures match the tool's expected input schema. The slight deduction is for the assumption that a single 'packet delay budget' applies to both upstream and downstream without explicit user confirmation, though this is arguably a reasonable default interpretation.
]
"
True,0.85,"[
	The agent correctly selected the 'create_session' tool, which is the appropriate tool for deploying a network slice reservation. The arguments were well-constructed: upStreamRatePerDevice was set to 25 Mbps as requested, the latency was correctly placed in upStreamDelayBudget with value 7 and unit 'Milliseconds' (correctly assumed per rule 6 since 'ms' was given). Fields not specified by the user (serviceTime, serviceArea, maxNumOfDevices, downStreamRatePerDevice, downStreamDelayBudget) were correctly set to null, following the rules. The only minor consideration is whether the latency of 7 ms should have been applied to both upstream and downstream delay budgets rather than just upstream, since the user said 'latency' generically without specifying direction. However, given the context of 'remote vehicle diagnostics' which is primarily an uplink-focused use case, placing it only on upStreamDelayBudget is a reasonable interpretation. Overall, the tool selection and parameter population were appropriate and correct.
	The agent correctly called `create_session` with well-structured arguments that largely match the user's request and the tool's expected schema. Specifically: (1) `serviceTime` and `serviceArea` are correctly set to null since the user didn't specify them (rules 5 and 8). (2) `maxNumOfDevices` is correctly null since the user didn't specify a device count (rules 3 and 8). (3) `upStreamRatePerDevice` is correctly set to {value: 25, unit: 'Mbps'}, matching the user's '25 Mbps' uplink rate request, and the unit was provided by the user so no clarification was needed (rule 4). (4) `downStreamRatePerDevice` is correctly null since the user only mentioned uplink rates (rule 8). (5) The latency of 7 ms is correctly placed in `upStreamDelayBudget` with unit 'Milliseconds', which aligns with rule 6 (ms was specified, and Milliseconds is the correct mapping). However, there is a minor concern: the user said 'latency of 7 ms' without specifying whether it applies to uplink only, downlink only, or both. For remote vehicle diagnostics, latency could reasonably apply to both directions. The agent chose to apply it only to the upstream delay budget, which is a reasonable interpretation given the uplink-focused context (vehicle diagnostics sending data upstream), but could also be seen as incomplete since the user said 'latency' generically. The `downStreamDelayBudget` was left null. This is a judgment call — the agent followed rule 8 (don't fabricate values) by not assuming downstream latency, but a case could be made that generic 'latency' should apply to both. Overall, the argument types, formats, and structure are all correct and well-formed.
]
"
True,0.85,"[
	The agent correctly selected the 'create_session' tool, which is the appropriate tool for creating a network slice reservation. The parameters were well-constructed: maxNumOfDevices set to 450 as requested, latency set to 6 with unit 'Milliseconds' (correctly inferred from 'ms' per rule 6), serviceTime and serviceArea correctly set to null (per rules 5 and 8), and downStreamRatePerDevice/upStreamRatePerDevice correctly set to null since no throughput was specified. The only minor consideration is that the user said 'latency capped at 6 ms' which could be interpreted as applying to both downstream and upstream delay budgets (which the agent did), though one could argue it should only apply to one direction. However, applying it to both is a reasonable interpretation for a general latency cap. The tool selection was correct and no unnecessary tools were called.
	The agent correctly called `create_session` with well-formed arguments that largely match the user's request and the tool's expected schema. Specifically: (1) `maxNumOfDevices` is correctly set to 450 as requested. (2) `serviceTime` and `serviceArea` are correctly set to null since the user didn't specify them, following the rules. (3) `downStreamRatePerDevice` and `upStreamRatePerDevice` are correctly set to null since no throughput was mentioned. (4) The latency value of 6 with unit 'Milliseconds' is correct — the user said '6 ms', and 'ms' maps to 'Milliseconds'. (5) Both `downStreamDelayBudget` and `upStreamDelayBudget` are set to 6 Milliseconds. The user said 'latency capped at 6 ms' without specifying upstream vs downstream separately, so applying it to both directions is a reasonable interpretation. However, one could argue that the user's generic 'latency' mention could also mean only one direction or that the agent should have asked for clarification. This is a minor concern. All argument types, structures, and formats match the tool's input schema correctly. The only slight deduction is for the assumption that latency applies to both upstream and downstream without explicit user confirmation, though this is a defensible interpretation.
]
"
True,0.75,"[
	The agent correctly selected the 'create_session' tool, which is the appropriate tool for provisioning a network slice. The parameters were mostly well-constructed: maxNumOfDevices=500 matches the user's request, serviceTime and serviceArea are correctly null, and downStreamRatePerDevice/upStreamRatePerDevice are correctly null since the user didn't specify throughput. The delay budget value of 5 with unit 'Milliseconds' is correct (the user said '5 ms'). However, the user said 'packet delay budget' generically without specifying upstream vs downstream separately. The agent applied it to both downStreamDelayBudget and upStreamDelayBudget, which is a reasonable interpretation but could be seen as slightly over-interpreting the request. A minor deduction is warranted for applying the delay budget to both directions when the user only mentioned a single 'packet delay budget' — though this is arguably the most sensible default behavior for a coordinated drone light show scenario. Overall, the tool selection was correct and the parameterization was reasonable.
	The agent correctly called `create_session` with well-formed arguments that match the tool's expected schema. The `maxNumOfDevices` was correctly set to 500, `serviceTime` and `serviceArea` were correctly set to null (as per rules), and the delay budget value of 5 with unit 'Milliseconds' is correct (the user said '5 ms'). The `downStreamRatePerDevice` and `upStreamRatePerDevice` were correctly set to null since the user didn't specify them. However, the user said 'packet delay budget of 5 ms' without specifying whether it applies to downstream, upstream, or both. The agent applied it to both `downStreamDelayBudget` and `upStreamDelayBudget`, which is a reasonable interpretation but could be seen as fabricating a value for one direction if the user only intended one. This is a minor issue since 'packet delay budget' is ambiguous and applying it symmetrically is a defensible choice. Overall, the argument types, formats, and structure are correct and well-aligned with the tool's schema.
]
"
True,0.95,"[
	The agent correctly selected the 'create_session' tool, which is the only appropriate tool for establishing a new network slice reservation. The arguments were properly constructed: maxNumOfDevices set to 1000 as specified, upStreamRatePerDevice set to {value: 700, unit: 'kbps'} matching the user's request, and all unspecified fields (serviceTime, serviceArea, downStreamRatePerDevice, downStreamDelayBudget, upStreamDelayBudget) correctly set to null following the rules about not fabricating values. The unit 'kbps' was correctly reused from the user's input without asking for clarification, adhering to rule 4. No unnecessary tool calls were made.
	The agent correctly called `create_session` with well-formed arguments that align with the user's request. Specifically: (1) `maxNumOfDevices` was set to 1000, matching the user's specification of 1000 devices. (2) `upStreamRatePerDevice` was set to `{""value"": 700, ""unit"": ""kbps""}`, correctly reflecting the user's request for 700 kbps uplink rates, with the unit properly extracted from the user's input. (3) `serviceTime` and `serviceArea` were correctly set to null, as the user did not specify them (per the rules). (4) `downStreamRatePerDevice`, `downStreamDelayBudget`, and `upStreamDelayBudget` were correctly set to null since the user did not mention them. All required fields in the schema (`serviceTime`, `serviceArea`, `sliceQosProfile`, and the inner required fields) are present. The argument types are correct (integer for value, string for unit, null for unspecified fields). The only minor note is that the unit 'kbps' is valid per the enum ['bps', 'kbps', 'Mbps', 'Gbps', 'Tbps']. Everything is properly aligned with the user's request and the tool's expected input schema.
]
"
True,0.85,"[
	The agent correctly selected the 'create_session' tool, which is the appropriate tool for deploying a network slice reservation. The parameters were well-constructed: maxNumOfDevices was set to 1800 as specified, and the latency tolerance of 150 ms was correctly applied to both downStreamDelayBudget and upStreamDelayBudget with the unit 'Milliseconds' (the user provided 'ms', so the unit was correctly recognized). Fields not specified by the user (serviceTime, serviceArea, downStreamRatePerDevice, upStreamRatePerDevice) were correctly set to null, following the rules. The only minor consideration is whether applying the latency to both upstream and downstream is the best interpretation of 'latency tolerance' — it's a reasonable assumption since the user didn't specify direction, but it could be debated. Overall, the tool selection and parameter population were appropriate and correct.
	The agent correctly called `create_session` with well-structured arguments that largely match the user's request and the tool's expected schema. Specifically: (1) `maxNumOfDevices` is correctly set to 1800 as requested. (2) The latency value of 150 is correctly captured with unit 'Milliseconds' — the user specified 'ms', and per the rules, 'ms' is a recognized unit variant, so using 'Milliseconds' from the enum is appropriate. (3) `serviceTime` and `serviceArea` are correctly set to null since the user didn't specify them, following the rules. (4) `downStreamRatePerDevice` and `upStreamRatePerDevice` are correctly set to null since no throughput was mentioned. (5) The agent applied the latency tolerance to both `downStreamDelayBudget` and `upStreamDelayBudget`, which is a reasonable interpretation of 'latency tolerance' since the user didn't specify direction — though one could argue the user only mentioned a single latency value and it's ambiguous whether it should apply to both directions. This is a minor concern but a defensible choice. The argument types, structure, and formats all match the tool's input schema correctly. The only slight deduction is for the assumption that latency applies to both upstream and downstream without explicit user confirmation, though this is a reasonable default interpretation.
]
"
True,0.95,"[
	The agent correctly selected the 'create_session' tool, which is the only appropriate tool for creating a network slice reservation. The arguments were properly constructed: maxNumOfDevices set to 900 as specified, upStreamRatePerDevice set to {value: 400, unit: 'kbps'} matching the user's request, and all unspecified fields (serviceTime, serviceArea, downStreamRatePerDevice, downStreamDelayBudget, upStreamDelayBudget) were correctly set to null following the rules. The agent correctly reused the 'kbps' unit provided by the user without asking for clarification. No unnecessary tool calls were made.
	The agent correctly called `create_session` with well-formed arguments that align with the user's request. Specifically: (1) `maxNumOfDevices` was set to 900, matching the user's specification of 900 devices. (2) `upStreamRatePerDevice` was set to `{""value"": 400, ""unit"": ""kbps""}`, correctly reflecting the user's request for 400 kbps uplink rates, with the unit properly extracted from the user's input. (3) `downStreamRatePerDevice`, `downStreamDelayBudget`, and `upStreamDelayBudget` were all set to null, correctly following the rule that fields stay null unless specified by the user. (4) `serviceTime` was provided with null start/end dates and `serviceArea` was null, both correct since the user didn't specify these. The argument structure matches the expected schema with all required fields present. The only minor note is that `serviceTime` includes explicit null values for `startDate` and `endDate` rather than being set to null entirely, but this is still valid per the schema since the schema allows the object with null fields. Overall, the arguments are appropriate, correctly typed, and well-aligned with the user's request.
]
"
True,0.7,"[
	The agent correctly selected the 'create_session' tool, which is the appropriate tool for provisioning a network slice. The parameters were mostly well-constructed: maxNumOfDevices=1300, serviceTime=null, serviceArea=null, downStreamRatePerDevice=null, upStreamRatePerDevice=null are all correct per the rules. The delay budget value of 200 with unit 'Milliseconds' is correct since the user specified 'ms'. However, the user said 'packet delay budget' generically (not specifying upstream vs downstream separately), and the agent applied it to both downStreamDelayBudget and upStreamDelayBudget. This is a reasonable interpretation since 'packet delay budget' without direction qualification could reasonably apply to both directions, though one could argue it should have been clarified. The tool selection itself was perfect - create_session is the only appropriate tool for this task. Minor deduction for the interpretation of applying the delay budget to both directions without confirmation.
	The agent correctly called `create_session` with well-formed arguments matching the expected schema. The `maxNumOfDevices` was correctly set to 1300, `serviceTime` and `serviceArea` were correctly set to null (as per rules), and `downStreamRatePerDevice`/`upStreamRatePerDevice` were correctly null since the user didn't specify them. The delay budget value of 200 with unit 'Milliseconds' is correct per the user's input ('200 ms') and rule 6. However, the user said 'packet delay budget of 200 ms' without specifying whether it applies to downstream, upstream, or both. The agent applied it to both `downStreamDelayBudget` and `upStreamDelayBudget`, which is a reasonable interpretation but could be seen as slightly over-specifying since the user mentioned a single 'packet delay budget'. This is a minor issue. All argument types, formats, and structures match the tool's expected input schema correctly.
]
"
True,0.95,"[
	The agent correctly selected the 'create_session' tool, which is the only appropriate tool for establishing a new network slice reservation. The arguments were properly constructed: maxNumOfDevices set to 2400 as specified, upStreamRatePerDevice set to {value: 500, unit: 'kbps'} matching the user's request, and all unspecified fields (serviceTime, serviceArea, downStreamRatePerDevice, downStreamDelayBudget, upStreamDelayBudget) correctly set to null following the rules. The unit 'kbps' was correctly reused from the user's input without asking for clarification, adhering to rule 4. No unnecessary tool calls were made.
	The agent correctly called `create_session` with well-formed arguments that align with the user's request. Specifically: (1) `maxNumOfDevices` is set to 2400, matching the user's specification of 2400 devices. (2) `upStreamRatePerDevice` is correctly set with value 500 and unit 'kbps', matching the user's '500 kbps' uplink rate. (3) `serviceTime` and `serviceArea` are correctly set to null since the user did not specify them, following the rules. (4) `downStreamRatePerDevice`, `downStreamDelayBudget`, and `upStreamDelayBudget` are correctly set to null since the user did not mention them. All argument types match the expected schema (integers for numeric values, strings for units, null for unspecified fields). The structure of the body object conforms to the `CreateSession` schema with all required fields present. A minor deduction is applied because the unit 'kbps' is passed as-is, which matches the enum values in the schema exactly, so this is correct. Overall, the arguments are appropriate, well-formed, and aligned with the user's request.
]
"
True,0.95,"[
	The agent correctly selected the 'create_session' tool, which is the only appropriate tool for creating a network slice reservation. The arguments were well-constructed: downstream rate was set to 220 Mbps (matching the user's specification with the correct unit), the downstream delay budget was set to 15 Milliseconds (correctly interpreting 'ms' as Milliseconds per the rules), and all unspecified fields (serviceTime, serviceArea, maxNumOfDevices, upStreamRatePerDevice, upStreamDelayBudget) were correctly set to null, adhering to the rule that fields stay null unless specified by the user. The only minor consideration is that the latency was specified as 'under 15 ms' which could be interpreted as needing a value less than 15, but using 15 as the budget value is a reasonable interpretation since delay budgets represent maximum allowable latency. The tool selection and parameter population were appropriate and correct.
	The agent correctly called `create_session` with well-formed arguments that closely match the user's request. Specifically: (1) `serviceTime` is null, which is correct since the user didn't specify a time period. (2) `serviceArea` is null, correct since no area was specified. (3) `downStreamRatePerDevice` has value 220 and unit 'Mbps', matching the user's '220 Mbps' request exactly. (4) `downStreamDelayBudget` has value 15 and unit 'Milliseconds', correctly interpreting 'latency under 15 ms' — the user provided 'ms' which maps to 'Milliseconds'. (5) `maxNumOfDevices` is null since the user didn't specify device count. (6) `upStreamRatePerDevice` is null since no upstream rate was mentioned. (7) `upStreamDelayBudget` is null since no upstream latency was mentioned. All argument types match the expected schema (integers for values, strings for units, nulls for unspecified fields). The only minor consideration is that the user said 'latency under 15 ms' which could arguably apply to both downstream and upstream delay budgets, but the agent reasonably interpreted it as downstream delay budget given the context of downstream video inspection. All required fields in the schema are present and properly structured.
]
"
True,0.55,"[
	The agent correctly chose the 'create_session' tool, which is the appropriate tool for provisioning a network slice. It correctly populated maxNumOfDevices (300) and downStreamRatePerDevice (140 Mbps) as specified by the user, and correctly left upStreamRatePerDevice, downStreamDelayBudget, and upStreamDelayBudget as null. However, the agent violated rule 5 and rule 8 by fabricating a serviceTime with specific start and end dates ('2024-06-01T12:00:00Z' to '2024-06-02T12:00:00Z') that the user never specified. According to the rules, serviceTime should remain null unless the user specifies it. The serviceArea was correctly set to null. The tool selection itself (create_session) was correct, but the arguments included fabricated data.
	The agent called `create_session` with mostly correct arguments but made a significant error by fabricating a `serviceTime` value. The user did not specify any service time, so per the rules ('Service time and area stay null unless the user specifies them' and 'All fields stay null unless the user specifies them, never fabricate values'), `serviceTime` should have been null. Instead, the agent invented startDate '2024-06-01T12:00:00Z' and endDate '2024-06-02T12:00:00Z'. The other fields were handled correctly: `serviceArea` was correctly set to null, `maxNumOfDevices` was correctly set to 300, `downStreamRatePerDevice` was correctly set to {value: 140, unit: 'Mbps'}, and `upStreamRatePerDevice`, `downStreamDelayBudget`, and `upStreamDelayBudget` were correctly set to null since the user didn't specify them. The types and structure of all arguments match the tool's expected input schema. The main issue is the fabricated serviceTime, which violates the explicit instructions.
]
"
True,0.7,"[
	The agent correctly selected the 'create_session' tool, which is the appropriate tool for establishing a network slice reservation. The parameters were mostly well-constructed: maxNumOfDevices=500, serviceTime=null, serviceArea=null, downStreamRatePerDevice=null, upStreamRatePerDevice=null are all correct per the rules. The delay budget value of 25 with unit 'Milliseconds' is correct since the user said '25 ms'. However, the user said 'packet delay budget of 25 ms' which is a single general mention - the agent applied it to both downStreamDelayBudget and upStreamDelayBudget. This is a reasonable interpretation since 'packet delay budget' is ambiguous and could apply to both directions, though one could argue it should have been clarified. The tool selection itself (create_session) was the correct and only appropriate choice from the available tools.
	The agent correctly called `create_session` with well-formed arguments matching the expected schema. The `maxNumOfDevices` was correctly set to 500, `serviceTime` and `serviceArea` were correctly set to null (as per rules), and the delay budget value of 25 with unit 'Milliseconds' is correct (the user said '25 ms'). The `downStreamRatePerDevice` and `upStreamRatePerDevice` were correctly set to null since the user didn't specify them. However, the user said 'packet delay budget of 25 ms' which is a single, general mention of delay. The agent applied it to both `downStreamDelayBudget` and `upStreamDelayBudget`, which is a reasonable interpretation but could be debated — the user didn't explicitly distinguish between upstream and downstream. This is a minor issue. The argument types, structure, and formats all match the tool's expected input schema correctly. The score is slightly reduced because applying the delay budget to both directions is an assumption rather than strictly following the user's specification, though it's a defensible interpretation.
]
"
True,0.85,"[
	The agent correctly selected the 'create_session' tool, which is the appropriate tool for deploying a network slice reservation. The arguments were well-constructed: maxNumOfDevices set to 700 as specified, both downStreamDelayBudget and upStreamDelayBudget set to 4 Milliseconds (correctly interpreting 'ms' as Milliseconds per rule 6, and applying the latency cap to both directions which is a reasonable interpretation of a general 'latency capped at 4 ms' statement), serviceTime and serviceArea correctly set to null (not specified by user), and downStreamRatePerDevice/upStreamRatePerDevice correctly set to null (not specified by user). The tool selection was perfect - create_session is the only appropriate tool for this task. The only minor consideration is whether applying the latency budget to both upstream and downstream is the ideal interpretation, but it's a reasonable and defensible choice given the user said 'latency capped at 4 ms' without specifying direction.
	The agent correctly called `create_session` with well-structured arguments that largely match the user's request and the tool's expected schema. Specifically: (1) `maxNumOfDevices` is correctly set to 700, matching the user's request for 700 devices. (2) `serviceTime` and `serviceArea` are correctly set to null since the user didn't specify them, following the rules. (3) `downStreamRatePerDevice` and `upStreamRatePerDevice` are correctly set to null since no throughput was mentioned. (4) The delay budget value of 4 with unit 'Milliseconds' is correct — the user said '4 ms', and the agent correctly interpreted 'ms' as 'Milliseconds', which matches the allowed enum values. (5) Both `downStreamDelayBudget` and `upStreamDelayBudget` are set to {value: 4, unit: 'Milliseconds'}. The user said 'latency capped at 4 ms' without specifying upstream vs downstream separately, so applying it to both directions is a reasonable interpretation. The slight deduction is because the user said 'latency capped at 4 ms' which could be interpreted as applying to both directions (which the agent did) or could be ambiguous — but this is a reasonable default behavior. All argument types, formats, and structures match the tool's input schema correctly.
]
"
True,0.85,"[
	The agent correctly selected the 'create_session' tool, which is the only appropriate tool for creating a network slice reservation. The arguments were well-constructed: upStreamRatePerDevice was set to {value: 30, unit: 'Mbps'} matching the user's '30 Mbps' uplink rate, and the packet delay budget was mapped to upStreamDelayBudget with {value: 2, unit: 'Milliseconds'} matching the user's '2 ms'. The user mentioned 'packet delay budget' without specifying upstream vs downstream; given the context of robotic welding with uplink emphasis, mapping it to upStreamDelayBudget is a reasonable interpretation, though one could argue it should apply to both directions or that the user should have been asked for clarification. All unspecified fields (serviceTime, serviceArea, maxNumOfDevices, downStreamRatePerDevice, downStreamDelayBudget) were correctly set to null, following the rules about not fabricating values. The tool selection and parameter population were appropriate and correct.
	The agent correctly called `create_session` with well-structured arguments that largely match the user's request and the tool's expected schema. Specifically: (1) `serviceTime` and `serviceArea` are correctly set to null since the user didn't specify them, following the rules. (2) `upStreamRatePerDevice` is correctly set to `{""value"": 30, ""unit"": ""Mbps""}`, matching the user's '30 Mbps' uplink rate. (3) `maxNumOfDevices`, `downStreamRatePerDevice` are correctly null since the user didn't specify them. (4) The unit 'Mbps' is correctly reused from the user's input without asking again. However, there is one issue: the user said 'packet delay budget of 2 ms' without specifying upstream vs downstream. The agent placed it only in `upStreamDelayBudget` and left `downStreamDelayBudget` as null. Given the context of 'synchronized robotic welding' with uplink focus, placing it in upStreamDelayBudget is a reasonable interpretation, but 'packet delay budget' is a general term that could apply to both directions or could be ambiguous. The unit 'Milliseconds' is correctly applied since the user specified 'ms'. The value types (integers for values, strings for units) all match the schema expectations. All required fields in the schema are present. Overall, the arguments are well-formed and mostly aligned with the user's intent, with a minor ambiguity in delay budget directionality.
]
"
True,0.85,"[
	The agent correctly selected the 'create_session' tool, which is the appropriate tool for provisioning a network slice. The parameters were well-constructed: maxNumOfDevices set to 1600 as requested, both downStreamDelayBudget and upStreamDelayBudget set to 180 Milliseconds (the user said 'ms' so the unit was correctly identified, and applying latency to both directions is a reasonable interpretation of 'latency tolerance'), serviceTime and serviceArea correctly set to null since the user didn't specify them, and downStreamRatePerDevice and upStreamRatePerDevice correctly set to null since no throughput was mentioned. The only minor consideration is that applying the latency budget to both upstream and downstream could be debated — the user said 'latency tolerance' generically, so applying it to both directions is a reasonable default interpretation. All rules were followed correctly.
	The agent correctly called `create_session` with well-structured arguments that largely match the user's request and the tool's expected schema. Specifically: (1) `maxNumOfDevices` is correctly set to 1600 as requested. (2) `serviceTime` and `serviceArea` are correctly set to null since the user didn't specify them, following the rules. (3) `downStreamRatePerDevice` and `upStreamRatePerDevice` are correctly set to null since no throughput was mentioned. (4) The delay budget value of 180 with unit 'Milliseconds' is correct — the user said '180 ms', and 'ms' maps to 'Milliseconds'. However, there is a minor concern: the user mentioned 'latency tolerance of 180 ms' without specifying whether it applies to downstream, upstream, or both. The agent applied it to both `downStreamDelayBudget` and `upStreamDelayBudget`, which is a reasonable interpretation but could be seen as slightly over-specifying since the user didn't explicitly state both directions. This is a defensible choice for a general latency tolerance statement, so only a small deduction is warranted. All argument types, formats, and structures match the tool's input schema correctly.
]
"
True,0.95,"[
	The agent correctly selected the 'create_session' tool, which is the only appropriate tool for establishing a new network slice reservation. The arguments were properly constructed: maxNumOfDevices set to 1100 as specified, upStreamRatePerDevice set to {value: 600, unit: 'kbps'} matching the user's request, and all unspecified fields (serviceTime, serviceArea, downStreamRatePerDevice, downStreamDelayBudget, upStreamDelayBudget) were correctly set to null following the rules. The unit 'kbps' was correctly reused from the user's input without asking for clarification, adhering to rule 4. No unnecessary tool calls were made.
	The agent correctly called `create_session` with well-formed arguments that align with the user's request. Specifically: (1) `maxNumOfDevices` was set to 1100, matching the user's specification of 1100 devices. (2) `upStreamRatePerDevice` was set to `{""value"": 600, ""unit"": ""kbps""}`, correctly reflecting the user's '600 kbps' uplink rate with the unit properly recognized and passed. (3) `downStreamRatePerDevice`, `downStreamDelayBudget`, and `upStreamDelayBudget` were all set to null, correctly following the rule that fields stay null unless specified by the user. (4) `serviceTime` was provided with null start/end dates and `serviceArea` was null, both correct since the user didn't specify these. All argument types match the expected schema (integers for values, strings for units, nulls where appropriate). The only minor issue is that `serviceTime` includes `{""startDate"": null, ""endDate"": null}` rather than being set to `null` directly, but this is still valid per the schema which accepts either the object or null. Overall, the arguments are appropriate, well-structured, and faithfully represent the user's request without fabricating any values.
]
"
True,0.75,"[
	The agent correctly selected the 'create_session' tool, which is the appropriate tool for deploying a network slice reservation. The arguments were mostly well-constructed: upStreamRatePerDevice was correctly set to 350 Mbps, serviceTime and serviceArea were correctly null, maxNumOfDevices was correctly null (user didn't specify a count), and downStreamRatePerDevice was correctly null. However, there's a minor issue with the latency handling. The user said 'latency of 20 ms' without specifying whether it's upstream or downstream latency. The agent assigned it only to upStreamDelayBudget, which is a reasonable interpretation given the context of uplink-heavy mobile mapping vehicles, but a more thorough approach might have been to apply it to both upstream and downstream delay budgets, or to ask the user for clarification. The unit 'Milliseconds' was correctly used since 'ms' was provided. The downStreamDelayBudget was set to null, which could be debatable. Overall, the tool selection was correct and the parameterization was reasonable.
	The agent correctly called `create_session` with well-structured arguments that mostly align with the user's request and the tool's expected schema. Specifically: (1) `serviceTime` and `serviceArea` are correctly set to null since the user didn't specify them. (2) `upStreamRatePerDevice` is correctly set to {value: 350, unit: 'Mbps'}, matching the user's '350 Mbps uplink' request. (3) `maxNumOfDevices` is correctly null since the user didn't specify a count. (4) `downStreamRatePerDevice` is correctly null since the user didn't specify downstream throughput. (5) `downStreamDelayBudget` is null, which is reasonable since the user said 'latency of 20 ms' without specifying direction. However, the agent only populated `upStreamDelayBudget` with {value: 20, unit: 'Milliseconds'}. The user said 'latency of 20 ms' generically, which could reasonably apply to both upstream and downstream delay budgets, not just upstream. The agent's interpretation to apply it only to upstream is a judgment call — it could be argued that since the context is about uplink-heavy mobile mapping, upstream latency is the primary concern, but a more complete interpretation would set both delay budgets. The unit 'Milliseconds' is correct per rule 6 (the user provided 'ms' which maps to Milliseconds). All types and formats match the schema expectations. The slight deduction is for the ambiguity in latency direction handling — only populating upStreamDelayBudget when the user's latency mention was generic.
]
"
True,0.75,"[
	The agent correctly selected the 'create_session' tool, which is the appropriate tool for creating a network slice reservation. The parameters were mostly well-constructed: maxNumOfDevices=90, serviceTime=null, serviceArea=null, downStreamRatePerDevice=null, upStreamRatePerDevice=null are all correct per the rules. The delay budget value of 3 with unit 'Milliseconds' is correct since the user specified 'ms'. However, the user said 'packet delay budget' generically (not specifying upstream vs downstream separately), and the agent applied it to both downStreamDelayBudget and upStreamDelayBudget. This is a reasonable interpretation since 'packet delay budget' is ambiguous and could apply to both directions, though one could argue the agent should have asked for clarification. The tool selection itself (create_session) was the correct and only appropriate choice from the available tools.
	The agent correctly called `create_session` with well-formed arguments that match the tool's expected input schema. The `maxNumOfDevices` was correctly set to 90, `serviceTime` and `serviceArea` were correctly set to null (as per the rules since the user didn't specify them), and `downStreamRatePerDevice`/`upStreamRatePerDevice` were correctly set to null. The `downStreamDelayBudget` was correctly set to value 3 with unit 'Milliseconds' (the user said 'ms', and rule 6 says to assume Milliseconds). However, the user said 'packet delay budget of 3 ms' which is a general term. The agent applied this to both `downStreamDelayBudget` and `upStreamDelayBudget`, which is a reasonable interpretation but could be seen as slightly over-specifying since the user mentioned a single 'packet delay budget' without explicitly distinguishing upstream vs downstream. This is a minor issue — applying the delay budget to both directions is a defensible interpretation of 'packet delay budget', but per rule 8 ('All fields stay null unless the user specifies them, never fabricate values'), one could argue that only a single generic delay budget was requested and applying it to both is acceptable since packet delay budget typically encompasses both directions. Overall, the argument types, formats, and structure are correct and well-aligned with the schema expectations.
]
"
True,0.95,"[
	The agent correctly selected the 'create_session' tool, which is the only appropriate tool for provisioning a new network slice. The arguments were properly constructed: maxNumOfDevices set to 2000 as specified by the user, upStreamRatePerDevice set to {value: 500, unit: 'kbps'} matching the user's request for 500 kbps uplink rates, and all unspecified fields (serviceTime, serviceArea, downStreamRatePerDevice, downStreamDelayBudget, upStreamDelayBudget) were correctly set to null following the rules about not fabricating values. The unit 'kbps' was correctly reused from the user's input without asking for clarification, adhering to rule 4. No unnecessary tool calls were made.
	The agent correctly called `create_session` with well-formed arguments that align with the user's request. Specifically: (1) `maxNumOfDevices` was set to 2000, matching the user's specification of 2000 devices. (2) `upStreamRatePerDevice` was set to `{""value"": 500, ""unit"": ""kbps""}`, correctly reflecting the user's request for 500 kbps uplink rates, with the unit properly extracted from the user's input. (3) `downStreamRatePerDevice`, `downStreamDelayBudget`, and `upStreamDelayBudget` were all set to null, which is correct since the user did not specify these values (rule 8: all fields stay null unless specified). (4) `serviceTime` was set with null start/end dates, and `serviceArea` was set to null, both correct since the user did not specify these (rule 5). The argument structure matches the expected `inputSchema` for `create_session`, with all required fields present and properly typed. The only minor consideration is that `serviceTime` could have been set to null directly rather than `{""startDate"": null, ""endDate"": null}`, but both representations are valid given the schema allows null for the entire serviceTime object. Overall, the arguments are appropriate, well-formed, and correctly aligned with the user's request.
]
"
