success,score,reason
True,0.85,"[
	The agent correctly selected the 'create_session' tool, which is the only appropriate tool for creating a network slice reservation. The arguments were well-constructed: maxNumOfDevices=40, downStreamRatePerDevice with value=120 and unit='Mbps', downStreamDelayBudget with value=15 and unit='Milliseconds' (correctly interpreting 'ms' as Milliseconds). serviceTime and serviceArea were correctly set to null since the user didn't specify them. upStreamRatePerDevice and upStreamDelayBudget were correctly set to null since they weren't mentioned. The only minor consideration is that for video journalists 'transmitting' live footage, upstream rate might be more relevant than downstream, but the user explicitly said 'downstream rates of 120 Mbps', so the agent correctly followed the user's specification. The tool selection and parameter mapping were appropriate and accurate.
	The agent correctly called `create_session` with well-structured arguments that largely match the user's request and the tool's expected schema. Specifically: (1) `maxNumOfDevices: 40` correctly reflects the user's '40 devices'. (2) `downStreamRatePerDevice: {value: 120, unit: 'Mbps'}` correctly captures '120 Mbps'. (3) `downStreamDelayBudget: {value: 15, unit: 'Milliseconds'}` correctly captures '15 ms' with the proper unit conversion. (4) `serviceTime: null` and `serviceArea: null` are correctly left null since the user didn't specify them. (5) `upStreamRatePerDevice: null` and `upStreamDelayBudget: null` are correctly left null. However, there is a semantic concern: the user describes 'video journalists transmitting live footage,' which is primarily an upstream/upload use case (transmitting from the field). The user explicitly said 'downstream rates of 120 Mbps,' so the agent followed the literal request, which is correct behavior per the rules (don't fabricate values). The argument types and formats all match the expected schema. One minor issue is that the user said 'packet delay budget' generically (not specifically downstream), and the agent mapped it only to `downStreamDelayBudget`. This is a reasonable interpretation but could be debated — the user might have intended it for both directions or for upstream given the transmission context. Overall, the arguments are well-formed, correctly typed, and closely aligned with the user's explicit request.
]
"
True,0.85,"[
	The agent correctly selected the 'create_session' tool, which is the appropriate tool for provisioning a network slice. The parameters were well-mapped: uplink rate of 50 Mbps, downstream rate of 100 Mbps, and latency of 20 ms (correctly assumed as Milliseconds per rule 6) applied to both upstream and downstream delay budgets. The serviceTime and serviceArea were correctly set to null since the user didn't specify them (rules 5 and 8). maxNumOfDevices was correctly set to null since no specific count was given (rule 3). The user said 'latency capped at 20 ms' which is somewhat ambiguous — it could mean only one direction or both. The agent applied it to both upstream and downstream delay budgets, which is a reasonable interpretation for a general latency cap. The only minor consideration is whether the user intended latency for both directions, but this is a defensible choice. Overall, the tool selection and parameter population were appropriate and correct.
	The agent correctly called `create_session` with well-structured arguments that largely match the user's request and the tool's expected schema. Specifically: (1) `serviceTime` and `serviceArea` are correctly set to null since the user didn't specify them, following the rules. (2) `maxNumOfDevices` is correctly null since the user didn't specify a number of devices. (3) `upStreamRatePerDevice` is correctly set to {value: 50, unit: 'Mbps'} matching the user's '50 Mbps' uplink request. (4) `downStreamRatePerDevice` is correctly set to {value: 100, unit: 'Mbps'} matching the user's '100 Mbps' downstream request. (5) The latency was specified as '20 ms' by the user, and the agent correctly interpreted this as 20 Milliseconds. However, the user said 'latency capped at 20 ms' without distinguishing between upstream and downstream latency, so applying it to both `downStreamDelayBudget` and `upStreamDelayBudget` is a reasonable interpretation. The slight deduction is because the user said 'ms' which the agent correctly mapped to 'Milliseconds' per rule 6 (though the user did provide a unit 'ms', the mapping is still appropriate). All argument types (integers for values, strings for units, nulls where appropriate) match the schema expectations. The structure is valid JSON matching the required schema. One minor concern: the user mentioned 'per device' for uplink but not explicitly for downstream — however, the tool's fields are inherently 'per device' rates, so this is fine.
]
"
True,0.85,"[
	The agent correctly selected the 'create_session' tool, which is the appropriate tool for setting up a network slice reservation. The arguments were well-constructed: maxNumOfDevices=300, downStreamRatePerDevice with value=80 and unit='Mbps', and downStreamDelayBudget with value=25 and unit='Milliseconds' — all matching the user's request. The user specified 'ms' which the agent correctly interpreted as 'Milliseconds'. serviceTime and serviceArea were correctly set to null since the user didn't specify them. upStreamRatePerDevice and upStreamDelayBudget were correctly set to null since the user didn't mention upstream or upstream delay. The only minor note is that the user said 'packet delay budget' generically (not specifically downstream), but mapping it to downStreamDelayBudget is a reasonable interpretation given the context of downstream speeds being the focus. Overall, the tool selection and parameter population were appropriate and correct.
	The agent correctly called `create_session` with well-structured arguments that largely match the user's request and the tool's expected schema. Specifically: (1) `maxNumOfDevices: 300` correctly reflects the user's request for 300 devices. (2) `downStreamRatePerDevice: {value: 80, unit: 'Mbps'}` correctly captures the 80 Mbps downstream speed. (3) `downStreamDelayBudget: {value: 25, unit: 'Milliseconds'}` correctly captures the 25 ms packet delay budget, with 'ms' properly interpreted as 'Milliseconds'. (4) `serviceTime: null` and `serviceArea: null` are correctly left null since the user didn't specify them, following the rules. (5) `upStreamRatePerDevice: null` and `upStreamDelayBudget: null` are correctly left null since the user didn't specify upstream values. However, the user said 'packet delay budget' without specifying downstream vs upstream specifically. The agent interpreted this as only `downStreamDelayBudget`, which is a reasonable but potentially incomplete interpretation — the user might have intended both directions. This is a minor concern. All argument types, formats, and structures match the tool's input schema correctly. The only slight issue is that the user's mention of 'packet delay budget' could arguably apply to both downstream and upstream delay budgets, but the agent's conservative interpretation (downstream only) is defensible.
]
"
True,0.85,"[
	The agent correctly selected the 'create_session' tool, which is the appropriate tool for deploying a network slice reservation. The arguments were well-constructed: downstream throughput was set to 300 Mbps (matching the user's specification with unit included), latency was set to 10 Milliseconds (correctly interpreting 'ms' as Milliseconds per rule 6), and unspecified fields (serviceTime, serviceArea, maxNumOfDevices, upStreamRatePerDevice, upStreamDelayBudget) were correctly left as null following the rules. The only minor consideration is that the user said 'latency not exceeding 10 ms' which could arguably apply to both downstream and upstream delay budgets, but placing it only in downStreamDelayBudget is a reasonable interpretation since the context (AR headsets, downstream throughput) emphasizes downstream. Overall, the tool selection and parameter population were appropriate and correct.
	The agent correctly called `create_session` with well-structured arguments that largely match the user's request and the tool's expected schema. Specifically: (1) `serviceTime` and `serviceArea` are correctly set to null since the user didn't specify them, following the rules. (2) `maxNumOfDevices` is null since the user didn't specify a count, which is correct per the rules. (3) `downStreamRatePerDevice` has value 300 and unit 'Mbps', correctly matching the user's '300 Mbps' specification. The unit 'Mbps' is in the accepted enum. (4) `upStreamRatePerDevice` is null since the user didn't specify upstream throughput. (5) `downStreamDelayBudget` has value 10 and unit 'Milliseconds', correctly interpreting '10 ms' as 10 Milliseconds. Per rule 6, if latency is given without a unit, assume Milliseconds — here 'ms' was given which maps to Milliseconds, so this is correct. (6) `upStreamDelayBudget` is null since the user only mentioned latency generically ('latency not exceeding 10 ms'). One could argue that 'latency' without specifying downstream vs upstream might imply both directions should have the 10ms budget, not just downstream. The agent only set `downStreamDelayBudget`, leaving `upStreamDelayBudget` null. This is a reasonable but potentially incomplete interpretation — a more thorough approach might set both delay budgets to 10ms since the user said 'latency' generically. This is a minor deduction. All types, formats, and structures match the expected schema correctly.
]
"
True,0.9,"[
	The agent correctly selected the 'create_session' tool, which is the only appropriate tool for establishing a new network slice reservation. The arguments were well-constructed: maxNumOfDevices was set to 500 as specified, downStreamRatePerDevice was correctly set to 60 Mbps matching the user's request with the provided unit, and fields not mentioned by the user (serviceTime, serviceArea, upStreamRatePerDevice, downStreamDelayBudget, upStreamDelayBudget) were appropriately set to null following the rules. The tool selection and parameter population are accurate and follow all the stated rules. A minor note is that the agent did not fabricate any values, correctly adhering to rule 8.
	The agent correctly called `create_session` with well-formed arguments that align with the user's request. Specifically: (1) `maxNumOfDevices` is set to 500, matching the user's specification. (2) `downStreamRatePerDevice` has value 60 with unit 'Mbps', correctly reflecting '60 Mbps per device'. (3) `serviceTime` and `serviceArea` are null, which is correct since the user didn't specify them (per rule 5). (4) `upStreamRatePerDevice`, `downStreamDelayBudget`, and `upStreamDelayBudget` are null, which is correct since the user didn't mention these values (per rule 8). The argument types, structure, and content all match the expected input schema for `create_session`. The only minor consideration is that the schema shows `upStreamRatePerDevice`, `downStreamDelayBudget`, and `upStreamDelayBudget` as required fields in the `sliceQosProfile` object, and the agent passed them as null which is acceptable since the schema allows null values for these fields. Overall, the arguments are appropriate and well-aligned with the user's request.
]
"
True,0.9,"[
	The agent correctly selected the 'create_session' tool, which is the only appropriate tool for creating a network slice reservation. The arguments were well-constructed: downstream rate was set to 150 Mbps as specified, the packet delay budget was correctly placed in 'downStreamDelayBudget' with value 15 and unit 'Milliseconds' (the user said 'ms', which maps correctly). Fields not mentioned by the user (serviceTime, serviceArea, maxNumOfDevices, upStreamRatePerDevice, upStreamDelayBudget) were correctly set to null, following the rules about not fabricating values. The only minor consideration is that 'packet delay budget' could arguably apply to both downstream and upstream, but placing it in downStreamDelayBudget is a reasonable interpretation given the context of prioritizing user experience (which is typically downstream-focused). Overall, the tool selection and parameter population were appropriate and correct.
	The agent correctly called `create_session` with well-formed arguments that closely match the user's request and the tool's expected schema. Specifically: (1) `serviceTime` and `serviceArea` are correctly set to null since the user didn't specify them, following the rules. (2) `maxNumOfDevices` is null since the user didn't specify a number of devices. (3) `downStreamRatePerDevice` has value 150 and unit 'Mbps', correctly matching the user's '150 Mbps downstream per device'. (4) `upStreamRatePerDevice` is null since the user didn't mention upstream rate. (5) `downStreamDelayBudget` has value 15 and unit 'Milliseconds', correctly interpreting 'packet delay budget of 15 ms' — the user provided 'ms' which maps to Milliseconds. (6) `upStreamDelayBudget` is null since the user only mentioned a general packet delay budget. One minor consideration: the user said 'packet delay budget' without specifying downstream vs upstream explicitly, so mapping it only to `downStreamDelayBudget` is a reasonable interpretation given the context of prioritizing downstream user experience. The argument types (integers for values, strings for units, nulls for unspecified fields) all match the schema expectations. The only slight deduction is that the user's 'packet delay budget' could arguably apply to both downstream and upstream, but the agent's interpretation is defensible given the downstream focus of the request.
]
"
True,0.5,"[
	The agent correctly chose the `create_session` tool, which is the appropriate tool for provisioning a network slice. It correctly set maxNumOfDevices to 800, upStreamRatePerDevice to 40 Mbps, serviceTime to null, and serviceArea to null, all matching the user's request and the rules. However, the agent fabricated a downStreamRatePerDevice value of 10 Mbps, which the user never specified. According to rule 8, all fields should stay null unless the user specifies them. The user only mentioned uplink rates, so downStreamRatePerDevice should have been null. This is a significant violation of the instructions, reducing the score despite the correct tool selection.
	The agent called `create_session` with mostly correct structure and types matching the schema. The arguments that were correctly handled: maxNumOfDevices=800 (matches user's request), upStreamRatePerDevice with value=40 and unit='Mbps' (matches user's '40 Mbps' uplink), serviceTime=null and serviceArea=null (correctly left null per rules), downStreamDelayBudget=null and upStreamDelayBudget=null (correctly null since user didn't specify). However, the agent fabricated a downStreamRatePerDevice with value=10 and unit='Mbps', which the user never specified. Per rule 8 ('All fields stay null unless the user specifies them, never fabricate values'), downStreamRatePerDevice should have been null. The user only mentioned 'uplink rates of 40 Mbps per device' and said nothing about downstream/downlink rates. This is a significant violation of the instructions — the agent invented a value that wasn't requested. All other fields are appropriately set, and the types/formats are correct per the schema.
]
"
True,0.9,"[
	The agent correctly selected the 'create_session' tool, which is the appropriate tool for creating a network slice reservation. The arguments were well-constructed: downstream rate was set to 100 Mbps as specified by the user (with the unit correctly extracted from the input), latency/delay budget was set to 20 Milliseconds (correctly interpreting 'ms' as Milliseconds per rule 6), and unspecified fields (serviceTime, serviceArea, maxNumOfDevices, upStreamRatePerDevice, upStreamDelayBudget) were correctly left as null following the rules about not fabricating values. The only minor consideration is that the user said 'latency around 20 ms' which could arguably apply to both downstream and upstream delay budgets, but setting only downstream delay budget is a reasonable interpretation since the user didn't explicitly mention upstream. Overall, the tool selection and parameter population were appropriate and correct.
	The agent correctly called `create_session` with well-formed arguments that align with the user's request and the tool's expected input schema. Specifically: (1) `serviceTime` is null, which is correct since the user didn't specify a time period. (2) `serviceArea` is null, which is correct since the user mentioned 'business district' as context but didn't provide specific geographic coordinates or area definitions. (3) `downStreamRatePerDevice` has value 100 with unit 'Mbps', correctly matching the user's '100 Mbps downstream per device'. (4) `downStreamDelayBudget` has value 20 with unit 'Milliseconds', correctly interpreting '20 ms' as milliseconds. (5) `maxNumOfDevices` is null since the user didn't specify a device count. (6) `upStreamRatePerDevice` and `upStreamDelayBudget` are null since the user didn't specify upstream values. All types match the schema expectations (integers for values, strings for units, nulls where appropriate). The only minor consideration is that the user said 'latency around 20 ms' which could arguably apply to both downstream and upstream delay budgets, but since the user didn't explicitly mention upstream, keeping it null follows the rules about not fabricating values. The arguments are well-structured and semantically correct.
]
"
True,0.85,"[
	The agent correctly selected the 'create_session' tool, which is the appropriate tool for deploying a network slice reservation. The arguments were well-constructed: maxNumOfDevices=200, downStreamRatePerDevice with value=200 and unit='Mbps', downStreamDelayBudget with value=10 and unit='Milliseconds' (correctly interpreting 'ms' as Milliseconds). serviceTime and serviceArea were correctly set to null since the user didn't specify them. upStreamRatePerDevice and upStreamDelayBudget were correctly set to null since the user only mentioned downstream and packet delay budget (which the agent reasonably mapped to downStreamDelayBudget). The only minor consideration is that 'packet delay budget' could arguably apply to both upstream and downstream, but mapping it to downstream delay budget is a reasonable interpretation. Overall, the tool selection and parameter population were appropriate and correct.
	The agent correctly called `create_session` with well-structured arguments that closely match the user's request and the tool's expected schema. Specifically: (1) `maxNumOfDevices` is correctly set to 200, matching the user's request for 200 devices. (2) `downStreamRatePerDevice` is correctly set to {value: 200, unit: 'Mbps'}, matching the user's '200 Mbps downstream rates'. (3) `downStreamDelayBudget` is correctly set to {value: 10, unit: 'Milliseconds'}, matching the user's '10 ms' packet delay budget (the user said 'ms' which maps to Milliseconds). (4) `serviceTime` and `serviceArea` are correctly set to null since the user didn't specify them, following the rules. (5) `upStreamRatePerDevice` and `upStreamDelayBudget` are set to null since the user didn't specify them. However, there is a minor concern: the user mentioned 'packet delay budget' generically (not specifically 'downstream delay budget'), so it could be argued that both `downStreamDelayBudget` and `upStreamDelayBudget` should have been set to 10 ms. The agent only set the downstream delay budget, which is a reasonable interpretation but potentially incomplete. The argument types, formats, and structure all match the tool's expected input schema correctly.
]
"
True,0.9,"[
	The agent correctly selected the 'create_session' tool, which is the only appropriate tool for creating a network slice reservation. The arguments were well-constructed: downstream rate was set to 90 Mbps as specified, latency was set to 30 Milliseconds (correctly interpreting 'ms' as Milliseconds per rule 6), and unspecified fields (serviceTime, serviceArea, maxNumOfDevices, upStreamRatePerDevice, upStreamDelayBudget) were correctly left as null following the rules. The only minor consideration is that the user said 'latency below 30 ms' which could arguably apply to both downstream and upstream delay budgets, but mapping it to downStreamDelayBudget alone is a reasonable interpretation given the context of 'downstream speeds' being the primary focus. Overall, the tool selection and parameter population were appropriate and correct.
	The agent correctly called `create_session` with well-formed arguments that align with the user's request. Specifically: (1) `downStreamRatePerDevice` was set to `{value: 90, unit: 'Mbps'}`, matching the user's '90 Mbps' downstream speed requirement. (2) `downStreamDelayBudget` was set to `{value: 30, unit: 'Milliseconds'}`, correctly interpreting 'latency below 30 ms' and following rule 6 (assume Milliseconds when unit is given as 'ms'). (3) `serviceTime` and `serviceArea` are correctly null since the user didn't specify them (rule 5). (4) `maxNumOfDevices` is correctly null since the user didn't specify a device count (rule 3). (5) `upStreamRatePerDevice` and `upStreamDelayBudget` are correctly null since the user didn't mention upstream requirements (rule 8). All argument types match the expected schema (integers for values, strings for units, nulls where appropriate). The only minor concern is that `upStreamRatePerDevice` and `upStreamDelayBudget` are passed as `null` rather than as objects, but the schema allows null for these fields. The arguments are well-structured and semantically aligned with the user's request.
]
"
True,0.9,"[
	The agent correctly selected the 'create_session' tool, which is the appropriate tool for provisioning a network slice. The arguments were well-constructed: maxNumOfDevices set to 600 as specified, upStreamRatePerDevice set to {value: 35, unit: 'Mbps'} matching the user's request, and all unspecified fields (serviceTime, serviceArea, downStreamRatePerDevice, downStreamDelayBudget, upStreamDelayBudget) correctly set to null following the rules. The agent properly reused the 'Mbps' unit provided by the user without asking for clarification. No unnecessary tools were called. The only minor note is that the user mentioned 'public square' which could potentially map to a serviceArea, but the rules state serviceArea stays null unless the user specifies geographic coordinates or area parameters, so leaving it null is correct.
	The agent correctly called `create_session` with well-formed arguments that align with the user's request. Specifically: (1) `maxNumOfDevices` is set to 600, matching the user's specification of 600 devices. (2) `upStreamRatePerDevice` is set to `{""value"": 35, ""unit"": ""Mbps""}`, correctly reflecting the user's '35 Mbps' uplink rate with the unit properly recognized and passed. (3) `serviceTime` and `serviceArea` are correctly set to null, as the user did not specify these (per the rules, they stay null unless specified). (4) `downStreamRatePerDevice`, `downStreamDelayBudget`, and `upStreamDelayBudget` are correctly set to null since the user did not mention downstream rates or latency budgets. (5) All required fields in the schema (`serviceTime`, `serviceArea`, `sliceQosProfile`, and the inner required fields) are present. The only minor consideration is that the user mentioned 'public square' which could potentially be interpreted as a service area, but per the rules, service area requires specific geographic parameters (circle or polygon) which the user did not provide, so leaving it null is appropriate. The arguments are well-structured, correctly typed, and semantically aligned with the user's request.
]
"
True,0.85,"[
	The agent correctly selected the 'create_session' tool, which is the appropriate tool for establishing a new network slice reservation. The parameters were well-constructed: downstream rate was set to 120 Mbps as specified, the packet delay budget was correctly placed in 'downStreamDelayBudget' with value 15 and unit 'Milliseconds' (the user said 'ms', which maps correctly). Fields not mentioned by the user (serviceTime, serviceArea, maxNumOfDevices, upStreamRatePerDevice, upStreamDelayBudget) were correctly set to null, following the rules about not fabricating values. The only minor consideration is that 'packet delay budget' could arguably apply to both downstream and upstream, but placing it in downStreamDelayBudget is a reasonable interpretation. Overall, the tool selection and parameter population were appropriate and correct.
	The agent correctly called `create_session` with well-structured arguments that largely match the user's request and the tool's expected schema. Specifically: (1) `serviceTime` and `serviceArea` are correctly set to null since the user didn't specify them, following the rules. (2) `maxNumOfDevices` is correctly null since the user didn't specify a number of devices. (3) `downStreamRatePerDevice` is correctly set to {value: 120, unit: 'Mbps'}, matching the user's '120 Mbps downstream'. (4) `upStreamRatePerDevice` is correctly null since the user didn't specify upstream. (5) `upStreamDelayBudget` is correctly null since the user didn't specify it. However, there is one issue: the user said 'packet delay budget of 15 ms' which is ambiguous — it could refer to both downstream and upstream delay, or just a general packet delay. The agent mapped it only to `downStreamDelayBudget` with {value: 15, unit: 'Milliseconds'}, which is a reasonable interpretation but could arguably also apply to `upStreamDelayBudget`. The unit 'Milliseconds' is correct per rule 6 (the user said 'ms' which is milliseconds). The value 15 and unit 'Milliseconds' are valid per the schema. All types are correct (integers for values, strings for units, nulls where appropriate). The structure matches the expected input schema. The minor deduction is for the potentially incomplete mapping of 'packet delay budget' to only downstream rather than both directions, though this is a reasonable interpretation given ambiguity.
]
"
True,0.9,"[
	The agent correctly selected the 'create_session' tool, which is the appropriate tool for setting up a network slice reservation. The arguments were well-constructed: downstream rate was set to 500 Mbps (matching the user's specification with unit), latency was set to 8 Milliseconds (correctly interpreting 'ms' as Milliseconds per rule 6), and unspecified fields (serviceTime, serviceArea, maxNumOfDevices, upStreamRatePerDevice, upStreamDelayBudget) were correctly left as null per the rules. The only minor consideration is that 'latency capped at 8 ms' could arguably apply to both downstream and upstream delay budgets, but placing it only in downStreamDelayBudget is a reasonable interpretation. Overall, the tool selection and parameter population were appropriate and followed the stated rules.
	The agent correctly called `create_session` with well-formed arguments that align with the user's request. The downstream rate was set to 500 Mbps as specified, and the latency was set to 8 Milliseconds (correctly assuming 'ms' means Milliseconds per rule 6). Fields not mentioned by the user (serviceTime, serviceArea, maxNumOfDevices, upStreamRatePerDevice, upStreamDelayBudget) were correctly set to null, following the rules about not fabricating values. The only minor consideration is that the user said 'latency capped at 8 ms' which could arguably apply to both downstream and upstream delay budgets, but the agent only set downStreamDelayBudget. This is a reasonable interpretation since the user didn't explicitly mention upstream latency, though a case could be made for setting both. All argument types, formats, and structures match the tool's expected input schema perfectly.
]
"
True,0.9,"[
	The agent correctly selected the 'create_session' tool, which is the only appropriate tool for creating a network slice reservation. The arguments were well-constructed: maxNumOfDevices set to 150, downStreamRatePerDevice set to {value: 70, unit: 'Mbps'}, and all unspecified fields (serviceTime, serviceArea, upStreamRatePerDevice, downStreamDelayBudget, upStreamDelayBudget) correctly set to null. The agent properly followed the rules by not fabricating values and reusing the user-provided unit 'Mbps'. The only minor note is that the user mentioned 'harbor area' which could potentially map to a serviceArea, but since no specific geographic coordinates or area definition was provided, leaving it null is the correct behavior per the instructions.
	The agent correctly called `create_session` with well-formed arguments that align with the user's request. Specifically: (1) `maxNumOfDevices` is set to 150, matching the user's specification. (2) `downStreamRatePerDevice` has value 70 with unit 'Mbps', correctly reflecting '70 Mbps' from the user's input. (3) `serviceTime` and `serviceArea` are null, which is correct since the user didn't specify them (per rule 5). (4) `upStreamRatePerDevice`, `downStreamDelayBudget`, and `upStreamDelayBudget` are null, correctly following rule 8 (fields stay null unless specified). The argument types, structure, and content all match the tool's expected input schema. The only minor observation is that the user mentioned 'harbor area' which could potentially map to a serviceArea, but since no specific geographic coordinates or area definition was provided, keeping it null is the correct interpretation per the rules. All required fields in the schema are present and properly formatted.
]
"
True,0.9,"[
	The agent correctly selected the 'create_session' tool, which is the appropriate tool for deploying a network slice reservation. The parameters were well-mapped: downstream rate was set to 80 Mbps as specified, latency was correctly placed in downStreamDelayBudget with 25 ms (unit 'Milliseconds' correctly assumed per rule 6 since 'ms' was given), and unspecified fields (serviceTime, serviceArea, maxNumOfDevices, upStreamRatePerDevice, upStreamDelayBudget) were correctly left as null following the rules. The agent did not fabricate any values and correctly interpreted the user's request. The only minor consideration is that the user said '25 ms' which already includes a unit (milliseconds), so the agent correctly used 'Milliseconds' rather than needing to assume it. The tool selection was perfect - create_session is the only appropriate tool for this task among the available options.
	The agent correctly called `create_session` with well-formed arguments that align with the user's request. The downstream rate was set to 80 Mbps as specified, and the latency was correctly mapped to the downStreamDelayBudget with value 25 and unit 'Milliseconds' (following rule 6, since 'ms' was given without an explicit full unit name, 'Milliseconds' is the correct assumption). serviceTime and serviceArea are correctly null since the user didn't specify them (rules 5 and 8). maxNumOfDevices is null since no device count was mentioned (rules 3 and 8). upStreamRatePerDevice and upStreamDelayBudget are null since the user didn't specify upstream values (rule 8). All argument types match the expected schema: value is an integer, unit is a valid enum string, and the overall structure conforms to the inputSchema. The only minor consideration is that the user said '25 ms latency' without specifying it as downstream-only, so one could argue upStreamDelayBudget should also be set to 25ms, but the agent's interpretation of mapping 'latency' to downstream delay budget for a media consumption (primarily download) use case is reasonable. Overall, the arguments are appropriate, correctly typed, and well-aligned with the user's request.
]
"
True,0.75,"[
	The agent correctly selected the 'create_session' tool, which is the appropriate tool for provisioning a network slice. The arguments were mostly well-constructed: upStreamRatePerDevice was correctly set to 200 Mbps, serviceTime and serviceArea were correctly null, maxNumOfDevices was correctly null (user said 'per device' but didn't specify a count), and downStreamRatePerDevice was correctly null. The packet delay budget of 12 ms was correctly interpreted with 'Milliseconds' as the unit. However, the agent placed the delay budget only in upStreamDelayBudget, leaving downStreamDelayBudget as null. The user said 'packet delay budget of 12 ms' without specifying upstream or downstream specifically. Given the context of a TV broadcast van prioritizing uplink, placing it in upStreamDelayBudget is a reasonable interpretation, though one could argue it should apply to both directions since the user said 'packet delay budget' generically. The tool selection itself (create_session) was correct and no unnecessary tools were called. The slight deduction is for the ambiguity in how the delay budget was assigned to only upstream rather than both directions.
	The agent correctly used the `create_session` tool with mostly appropriate arguments. The upStreamRatePerDevice was correctly set to {value: 200, unit: 'Mbps'} matching the user's request. The serviceTime, serviceArea, maxNumOfDevices, and downStreamRatePerDevice were correctly set to null since the user didn't specify them. However, there is an issue with the packet delay budget placement. The user said 'packet delay budget of 12 ms' without specifying upstream or downstream specifically. Given the context of a TV broadcast van prioritizing uplink capacity, placing the delay budget on upStreamDelayBudget is a reasonable interpretation, but the user said 'packet delay budget' generically, which could arguably apply to both upstream and downstream. The unit 'Milliseconds' is correct per rule 6 (ms given, which maps to Milliseconds). The downStreamDelayBudget was set to null, which may be a slight misinterpretation if the user intended the delay budget to apply generally. The value 12 and unit 'Milliseconds' are correctly formatted and match the tool's expected schema. All argument types (integers, strings, nulls) match the expected input schema. The body structure with required fields serviceTime, serviceArea, and sliceQosProfile is properly formed.
]
"
True,0.9,"[
	The agent correctly selected the 'create_session' tool, which is the appropriate tool for establishing a new network slice reservation. The arguments were well-constructed: maxNumOfDevices was set to 250 as specified by the user, downStreamRatePerDevice was correctly set to {value: 100, unit: 'Mbps'} matching the user's request, and all unspecified fields (serviceTime, serviceArea, upStreamRatePerDevice, downStreamDelayBudget, upStreamDelayBudget) were correctly set to null following the rules about not fabricating values. The unit 'Mbps' was correctly reused from the user's input without asking for clarification, adhering to rule 4. The only minor note is that the tool call appears in the agent's output but wasn't recorded in 'primitives_used', though the tool selection itself was correct and appropriate.
	The agent correctly called `create_session` with well-formed arguments that align with the user's request. Specifically: (1) `maxNumOfDevices` is set to 250, matching the user's specification of 250 devices. (2) `downStreamRatePerDevice` has value 100 with unit 'Mbps', correctly reflecting '100 Mbps' from the user's request. The unit was already provided by the user so no clarification was needed, which is correct per the rules. (3) `serviceTime` and `serviceArea` are null, which is correct since the user didn't specify them (rule 5). (4) `upStreamRatePerDevice`, `downStreamDelayBudget`, and `upStreamDelayBudget` are null, which is correct since the user didn't mention these (rule 8). The argument structure matches the expected schema with all required fields present (`body` containing `serviceTime`, `serviceArea`, and `sliceQosProfile`, and `sliceQosProfile` containing all its required fields). The only minor issue is that `upStreamRatePerDevice`, `downStreamDelayBudget`, and `upStreamDelayBudget` are passed as null rather than as objects, but the schema allows null for these fields via the anyOf construct, so this is valid.
]
"
True,0.9,"[
	The agent correctly selected the 'create_session' tool, which is the appropriate tool for creating a network slice reservation. The arguments were well-constructed: downstream rate was set to 150 Mbps as specified, latency was correctly placed in 'downStreamDelayBudget' with value 20 and unit 'Milliseconds' (the user said 'ms'), and unspecified fields (serviceTime, serviceArea, maxNumOfDevices, upStreamRatePerDevice, upStreamDelayBudget) were correctly left as null following the rules. The only minor consideration is that the user said 'latency below 20 ms' which could arguably apply to both downstream and upstream delay budgets, but placing it only in downstream is a reasonable interpretation given the context of downstream-focused video analytics. Overall, the tool selection and parameter population were appropriate and correct.
	The agent correctly called `create_session` with well-formed arguments that align with the user's request. The downstream rate was set to 150 Mbps as specified, and the latency (downStreamDelayBudget) was set to 20 Milliseconds, correctly interpreting 'ms' as Milliseconds per the rules. The `serviceTime`, `serviceArea`, `maxNumOfDevices`, `upStreamRatePerDevice`, and `upStreamDelayBudget` were all correctly set to null since the user did not specify them, following the rule that all fields stay null unless the user specifies them. The argument types (integer for value, string for unit) match the expected schema. The only minor consideration is that the user said 'latency below 20 ms' which could be interpreted as the delay budget should be less than 20, but using 20 as the budget value is a reasonable interpretation since the delay budget represents the maximum allowable latency. All required fields in the schema are present and properly structured.
]
"
True,0.85,"[
	The agent correctly selected the 'create_session' tool, which is the appropriate tool for deploying a network slice reservation. The arguments were well-constructed: downstream rate was set to 120 Mbps as specified, latency was correctly mapped to downStreamDelayBudget with 10 ms (unit 'Milliseconds' correctly assumed per rule 6 since 'ms' was given), serviceTime and serviceArea were correctly left as null (rules 5 and 8), maxNumOfDevices was null since no device count was specified (rule 3), and upStreamRatePerDevice/upStreamDelayBudget were null since not mentioned by the user (rule 8). The only minor consideration is that the user mentioned 'city park' which could potentially be interpreted as a service area, but since no specific geographic coordinates or area definition was provided, leaving it null is reasonable. The tool selection and parameter mapping were appropriate and correct.
	The agent correctly called `create_session` with well-structured arguments that largely align with the user's request and the tool's expected schema. Specifically: (1) `downStreamRatePerDevice` was correctly set to `{value: 120, unit: 'Mbps'}` matching the user's '120 Mbps downstream'. (2) `downStreamDelayBudget` was correctly set to `{value: 10, unit: 'Milliseconds'}` matching the user's '10 ms latency' (with the correct assumption of Milliseconds per rule 6). (3) `serviceTime` and `serviceArea` were correctly set to `null` since the user mentioned 'city park' as context but didn't provide specific geographic coordinates or time parameters — though one could argue the mention of 'city park' could warrant asking the user for service area details. (4) `maxNumOfDevices` was correctly left as `null` since no specific number was given. (5) `upStreamRatePerDevice` and `upStreamDelayBudget` were correctly set to `null` as the user didn't specify upstream values. The slight deduction is because the user mentioned 'a city park' as a service area location, which could reasonably be interpreted as the user wanting to define a service area. The agent could have asked for more details about the park's location to populate the `serviceArea` field, but leaving it null is also defensible since no specific coordinates or polygon were provided. All argument types, formats, and structures match the tool's input schema correctly.
]
"
True,0.85,"[
	The agent correctly selected the 'create_session' tool, which is the only appropriate tool for provisioning a new network slice. The arguments were well-constructed: downstream rate was set to 90 Mbps as specified, the packet delay budget was correctly placed in 'downStreamDelayBudget' with value 10 and unit 'Milliseconds' (the user said 'ms', which maps correctly). Fields not mentioned by the user (serviceTime, serviceArea, maxNumOfDevices, upStreamRatePerDevice, upStreamDelayBudget) were correctly set to null, following the rules about not fabricating values. The only minor consideration is that 'packet delay budget' could arguably apply to both downstream and upstream, but placing it in downStreamDelayBudget is a reasonable interpretation. Overall, the tool selection and parameter population were appropriate and correct.
	The agent correctly called `create_session` with well-structured arguments that largely match the user's request and the tool's expected schema. Specifically: (1) `serviceTime` and `serviceArea` are correctly set to null since the user didn't specify them, following the rules. (2) `maxNumOfDevices` is null since the user didn't specify a number of devices. (3) `downStreamRatePerDevice` has value 90 and unit 'Mbps', correctly matching the user's '90 Mbps downstream'. (4) `upStreamRatePerDevice` is null since the user didn't mention upstream rate. (5) The packet delay budget of 10 ms is correctly mapped. However, the user said 'packet delay budget' generically, which could apply to both downstream and upstream. The agent placed it only in `downStreamDelayBudget` with value 10 and unit 'Milliseconds'. While 'Milliseconds' is correct (the user said 'ms'), placing it only in downstream delay budget is a reasonable interpretation but could be debated — a generic 'packet delay budget' might warrant setting both downstream and upstream delay budgets. The unit 'Milliseconds' correctly matches the user's 'ms'. (6) `upStreamDelayBudget` is null, which is debatable given the generic mention of 'packet delay budget'. All types and formats are correct and match the schema expectations. The slight deduction is for the ambiguity in mapping 'packet delay budget' to only downstream rather than both directions.
]
"
True,0.7,"[
	The agent correctly selected the 'create_session' tool, which is the appropriate tool for creating a network slice reservation. The parameters were mostly well-constructed: serviceTime and serviceArea are correctly null, upStreamRatePerDevice is correctly set to {value: 20, unit: 'Mbps'}, and the delay budget unit 'Milliseconds' is correctly applied since the user specified 'ms'. However, there's a notable issue: the user said 'packet delay budget of 3 ms' without specifying upstream vs downstream, yet the agent only populated upStreamDelayBudget. While one could argue that for autonomous delivery robots the uplink is more critical (sending sensor/control data), the user's request for 'packet delay budget' is ambiguous and could reasonably apply to both upstream and downstream. A more conservative interpretation might have set both delay budgets. Additionally, downStreamRatePerDevice, downStreamDelayBudget, and maxNumOfDevices are correctly left as null since the user didn't specify them. Overall, the tool selection was correct and the parameterization was reasonable though slightly debatable on the delay budget scope.
	The agent correctly used the `create_session` tool with mostly appropriate arguments. The `upStreamRatePerDevice` was correctly set to {value: 20, unit: 'Mbps'} matching the user's request. The `serviceTime` and `serviceArea` were correctly set to null per the rules. The `maxNumOfDevices` and `downStreamRatePerDevice` were correctly null since the user didn't specify them. However, there is an issue with the delay budget interpretation: the user said 'packet delay budget of 3 ms' without specifying upstream vs downstream specifically. The agent placed it only in `upStreamDelayBudget`, which is a reasonable interpretation given the context of uplink-focused autonomous robot control, but the user's request for 'packet delay budget' could arguably apply to both upstream and downstream delay budgets. Additionally, the unit 'Milliseconds' is correct since the user specified 'ms'. The `downStreamDelayBudget` was set to null, which may not fully capture the user's intent if they meant a general packet delay budget applying to both directions. The argument types and formats all match the expected schema correctly.
]
"
True,0.95,"[
	The agent correctly selected the 'create_session' tool, which is the only appropriate tool for provisioning a new network slice. The arguments were well-constructed: maxNumOfDevices=60 (matching the user's '60 devices'), downStreamRatePerDevice with value=30 and unit='Mbps' (matching '30 Mbps'), downStreamDelayBudget with value=5 and unit='Milliseconds' (correctly interpreting '5 ms'). Fields not specified by the user (serviceTime, serviceArea, upStreamRatePerDevice, upStreamDelayBudget) were correctly set to null, following the rules. The only minor consideration is that the user said 'latency capped at 5 ms' which could arguably apply to both downstream and upstream delay budgets, but the agent conservatively applied it only to downstream, which aligns with rule 8 about not fabricating values. Overall, the tool selection and parameter population were appropriate and correct.
	The agent correctly called `create_session` with well-formed arguments that closely match the user's request. Specifically: (1) `maxNumOfDevices` is set to 60, matching the user's '60 devices'. (2) `downStreamRatePerDevice` has value 30 with unit 'Mbps', correctly reflecting '30 Mbps' downstream. (3) `downStreamDelayBudget` has value 5 with unit 'Milliseconds', correctly interpreting '5 ms' latency cap. (4) `serviceTime` and `serviceArea` are null, following the rule that they stay null unless specified. (5) `upStreamRatePerDevice` and `upStreamDelayBudget` are null, correctly not fabricating values. The only minor issue is that the user said 'latency capped at 5 ms' which could arguably apply to both downstream and upstream delay budgets, but the agent only set `downStreamDelayBudget`. However, since the user didn't explicitly mention upstream latency, leaving it null is a reasonable interpretation per the rules. All argument types, formats, and structures match the tool's expected input schema.
]
"
True,0.5,"[
	The agent correctly chose the 'create_session' tool, which is the appropriate tool for establishing a network slice reservation. However, there are issues with the parameter mapping: (1) The user specified 'uplink throughput of 25 Mbps', but the agent set both downStreamRatePerDevice AND upStreamRatePerDevice to 25 Mbps. Per the rules, downStreamRatePerDevice should be null since the user only mentioned uplink throughput. (2) The user mentioned 'ultra-low latency of 2 ms' generically, and the agent applied it to both upstream and downstream delay budgets, which is a reasonable interpretation. The latency unit was correctly set to 'Milliseconds' as per rule 6. The fabrication of the downstream rate value (25 Mbps) violates rule 8 ('All fields stay null unless the user specifies them, never fabricate values'). The tool selection itself was correct, but the parameterization was partially incorrect.
	The agent called `create_session` with mostly correct structure and types, but there are notable issues with the argument values: (1) The user specified 'uplink throughput of 25 Mbps', but the agent populated both `downStreamRatePerDevice` and `upStreamRatePerDevice` with 25 Mbps. Per the rules, fields should stay null unless the user specifies them — the user only mentioned uplink throughput, so `downStreamRatePerDevice` should have been null. (2) The latency of 2 ms was correctly interpreted with unit 'Milliseconds' and applied to both upstream and downstream delay budgets, which is a reasonable interpretation of 'ultra-low latency' as a general requirement. (3) `serviceTime`, `serviceArea`, and `maxNumOfDevices` were correctly set to null since the user didn't specify them. (4) The types and structure of all arguments match the tool's expected input schema. The main error is fabricating a downstream throughput value that the user never requested, which violates rule 8 ('All fields stay null unless the user specifies them, never fabricate values').
]
"
True,0.85,"[
	The agent correctly selected the 'create_session' tool, which is the appropriate tool for deploying a network slice reservation. The arguments were well-constructed: downStreamRatePerDevice was set to 50 Mbps as requested, downStreamDelayBudget was set to 1 Milliseconds (the user said '1 ms' which maps correctly to Milliseconds), and fields not specified by the user (serviceTime, serviceArea, maxNumOfDevices, upStreamRatePerDevice, upStreamDelayBudget) were correctly set to null following the rules. The user said 'packet delay budget' which is slightly ambiguous — it could apply to both downstream and upstream — but the agent mapped it to downStreamDelayBudget only. This is a minor interpretation issue but reasonable given the context. The tool selection itself was perfect — create_session is the only appropriate tool for this task.
	The agent correctly called `create_session` with well-structured arguments that largely match the user's request and the tool's expected schema. Specifically: (1) `serviceTime` and `serviceArea` are correctly set to null since the user didn't specify them (rules 5 and 8). (2) `maxNumOfDevices` is correctly null since the user didn't specify a number of devices (rules 3 and 8). (3) `downStreamRatePerDevice` correctly has value 50 and unit 'Mbps', matching the user's '50 Mbps downstream' request, and the unit is in the accepted enum. (4) `upStreamRatePerDevice` is correctly null since the user didn't mention upstream rate. (5) `upStreamDelayBudget` is correctly null since the user didn't specify it. (6) The user said '1 ms packet delay budget' — the agent mapped this to `downStreamDelayBudget` with value 1 and unit 'Milliseconds'. The unit 'ms' correctly maps to 'Milliseconds'. However, the user said 'packet delay budget' without specifying downstream vs upstream specifically. For remote crane operation, the delay budget would typically apply to both directions (or at least upstream for control signals). The agent only set `downStreamDelayBudget` and left `upStreamDelayBudget` null, which is a reasonable but potentially incomplete interpretation. A more thorough approach might have set both delay budgets. This is a minor semantic mismatch. All argument types, formats, and structures are correct and match the tool's input schema.
]
"
True,0.85,"[
	The agent correctly selected the 'create_session' tool, which is the appropriate tool for creating a network slice reservation. The parameters were well-constructed: maxNumOfDevices set to 120 as specified, both downStreamDelayBudget and upStreamDelayBudget set to 4 Milliseconds (correctly interpreting 'ms' as Milliseconds per rule 6), serviceTime and serviceArea correctly set to null (per rules 5 and 8), and downStreamRatePerDevice/upStreamRatePerDevice correctly set to null since no throughput was specified. The only minor consideration is whether applying the latency budget to both upstream and downstream is the best interpretation of 'latency not exceeding 4 ms' — this is a reasonable interpretation since the user didn't specify directionality, and setting both ensures the constraint is met in both directions. Overall, the tool selection and parameter population were appropriate and correct.
	The agent called `create_session` with well-structured arguments that largely match the tool's expected input schema and the user's request. Specifically: (1) `maxNumOfDevices` is correctly set to 120, matching the user's specification. (2) `serviceTime` and `serviceArea` are correctly set to null, as the user did not specify them (per the rules). (3) `downStreamRatePerDevice` and `upStreamRatePerDevice` are correctly set to null since the user didn't mention throughput. (4) The latency value of 4 with unit 'Milliseconds' is correct — the user said '4 ms', and the unit 'Milliseconds' is a valid enum value. (5) Both `downStreamDelayBudget` and `upStreamDelayBudget` are set to {value: 4, unit: 'Milliseconds'}. The user said 'latency not exceeding 4 ms' without specifying upstream vs downstream separately, so applying it to both is a reasonable interpretation. The slight deduction is because the user said 'latency not exceeding 4 ms' generically — one could argue that applying it to both directions is an assumption rather than strictly what was requested, but it's a defensible and common interpretation for a general latency constraint. All argument types, formats, and structures conform to the tool's input schema.
]
"
True,0.85,"[
	The agent correctly selected the 'create_session' tool, which is the appropriate tool for provisioning a network slice. The arguments were mostly well-constructed: upStreamRatePerDevice was set to 40 Mbps as requested, serviceTime and serviceArea were correctly set to null (not specified by user), maxNumOfDevices was null (not specified), and downStreamRatePerDevice was null (not specified). The latency value of 5 ms was correctly assigned with unit 'Milliseconds'. However, the user said 'latency under 5 ms' without specifying upstream vs downstream specifically. The agent assigned it only to upStreamDelayBudget, which is a reasonable interpretation given the context of 'uplink rates' being the focus, but a case could be made that the user meant general latency (both upstream and downstream). Setting downStreamDelayBudget to null when the user mentioned general 'latency' is a minor judgment call. Overall, the tool selection was correct and the parameterization was largely appropriate.
	The agent correctly called `create_session` with well-structured arguments that largely match the user's request and the tool's expected schema. Specifically: (1) `serviceTime` and `serviceArea` are correctly set to null since the user didn't specify them, following the rules. (2) `upStreamRatePerDevice` is correctly set to {value: 40, unit: 'Mbps'}, matching the user's '40 Mbps' uplink rate. (3) `maxNumOfDevices` is correctly null since the user didn't specify a device count. (4) `downStreamRatePerDevice` is correctly null since no downstream rate was mentioned. (5) `upStreamDelayBudget` is set to {value: 5, unit: 'Milliseconds'}, which correctly captures the 'latency under 5 ms' requirement with the proper unit assumption per rule 6. However, there is a minor issue: the user said 'latency under 5 ms' without specifying whether it applies to uplink, downlink, or both. Given the context of 'emergency response vehicle coordination' and the mention of uplink rates, setting only `upStreamDelayBudget` is a reasonable interpretation, but one could argue that the latency requirement should apply to both directions (downlink as well), since the user said 'latency' generically. Setting `downStreamDelayBudget` to null when the user mentioned a general latency target is a slight misalignment. All argument types, formats, and structures are correct and match the tool's input schema.
]
"
True,0.9,"[
	The agent correctly selected the 'create_session' tool, which is the appropriate tool for establishing a new network slice reservation. The arguments were well-constructed: downstream rate was set to 60 Mbps (matching the user's specification with unit included), the packet delay budget was correctly mapped to downStreamDelayBudget with value 3 and unit 'Milliseconds' (the user said 'ms', which is milliseconds), and all unspecified fields (serviceTime, serviceArea, maxNumOfDevices, upStreamRatePerDevice, upStreamDelayBudget) were correctly left as null per the rules. The only minor consideration is that 'packet delay budget' could arguably apply to both downstream and upstream, but mapping it to downStreamDelayBudget is a reasonable interpretation. The tool selection was perfect - create_session is the only appropriate tool for this task.
	The agent correctly called `create_session` with well-formed arguments that align with the user's request. The downstream rate was set to 60 Mbps (matching '60 Mbps per device'), and the packet delay budget was set to 3 Milliseconds (the user said '3 ms', and 'ms' correctly maps to 'Milliseconds'). The `serviceTime` and `serviceArea` were correctly set to null since the user didn't specify them, following rule 5. The `maxNumOfDevices` was correctly set to null since no device count was mentioned, following rule 3. The `upStreamRatePerDevice` and `upStreamDelayBudget` were correctly set to null since the user only mentioned downstream rates and a general 'packet delay budget'. The only minor concern is that the user said 'packet delay budget' without specifying downstream vs upstream — the agent mapped it to `downStreamDelayBudget` only, which is a reasonable interpretation but could arguably apply to both directions. However, per rule 8 (fields stay null unless specified), mapping it only to downstream is defensible. All argument types, formats, and structures match the tool's expected input schema.
]
"
True,0.85,"[
	The agent correctly selected the 'create_session' tool, which is the appropriate tool for deploying a network slice reservation. The parameters were well-constructed: maxNumOfDevices set to 300 as specified, both downStreamDelayBudget and upStreamDelayBudget set to 4 Milliseconds (correctly interpreting 'ms' as Milliseconds per rule 6), serviceTime and serviceArea correctly set to null (per rules 5 and 8), and downStreamRatePerDevice/upStreamRatePerDevice set to null since no throughput was specified (per rule 8). The only minor consideration is whether setting both upstream and downstream delay budgets to 4ms is the best interpretation of 'latency capped at 4 ms' — it's a reasonable interpretation since the user said 'latency' generically without specifying direction, so applying it to both directions is a sensible default. Overall, the tool selection and parameter population were appropriate and correct.
	The agent correctly called `create_session` with well-structured arguments that largely match the user's request and the tool's expected schema. Specifically: (1) `maxNumOfDevices` is correctly set to 300, matching the user's request for 300 devices. (2) `serviceTime` and `serviceArea` are correctly set to null since the user didn't specify them, following the rules. (3) `downStreamRatePerDevice` and `upStreamRatePerDevice` are correctly set to null since no throughput was mentioned. (4) The delay budget value of 4 with unit 'Milliseconds' is correct — the user said '4 ms', and the agent correctly interpreted 'ms' as 'Milliseconds'. (5) Both `downStreamDelayBudget` and `upStreamDelayBudget` are set to the same latency value, which is a reasonable interpretation since the user said 'latency capped at 4 ms' without distinguishing between upstream and downstream. However, a minor concern is that the user said 'latency capped at 4 ms' generically — applying it to both directions is a reasonable default interpretation but could be seen as slightly over-specifying if the user only meant one direction. This is a judgment call and is generally acceptable. All argument types, formats, and structures match the tool's input schema correctly. The arguments are well-formed JSON matching the expected nested structure.
]
"
True,0.7,"[
	The agent correctly selected the 'create_session' tool, which is the appropriate tool for creating a network slice reservation. The parameters were mostly well-populated: maxNumOfDevices=80, upStreamRatePerDevice with value=30 and unit='Mbps', serviceTime=null, serviceArea=null, and downStreamRatePerDevice=null — all correctly following the rules. However, there's a nuance with the latency specification. The user said 'latency below 5 ms' without specifying upstream vs downstream specifically. The agent placed it only in upStreamDelayBudget, which is a reasonable interpretation given the context of 'autonomous bus control systems' with uplink rates specified, but a more thorough approach might have set both upStreamDelayBudget and downStreamDelayBudget to 5 ms since the user said 'latency' generically. The unit 'Milliseconds' was correctly applied since the user specified 'ms'. Overall, the tool selection was correct and the parameterization was reasonable, with only a minor ambiguity in how the latency budget was assigned.
	The agent correctly called `create_session` with well-formed arguments that mostly align with the user's request and the tool's expected schema. Specifically: (1) `maxNumOfDevices: 80` correctly matches the user's '80 devices'. (2) `upStreamRatePerDevice: {value: 30, unit: 'Mbps'}` correctly captures the '30 Mbps' uplink rate with the user-provided unit. (3) `serviceTime: null` and `serviceArea: null` are correct per the rules (user didn't specify them). (4) `downStreamRatePerDevice: null` is correct since the user didn't mention downstream rates. However, there is a notable issue: the user said 'latency below 5 ms' without specifying whether it applies to uplink, downlink, or both. The agent only populated `upStreamDelayBudget` with value 5 and unit 'Milliseconds', leaving `downStreamDelayBudget` as null. A more reasonable interpretation of a general 'latency below 5 ms' requirement for autonomous bus control systems would be to apply it to both upstream and downstream delay budgets, since the user didn't restrict it to one direction. The unit 'Milliseconds' is correct per rule 6 (the user said 'ms' which is milliseconds). The argument types and structure all conform to the tool's input schema.
]
"
True,0.7,"[
	The agent correctly chose the 'create_session' tool, which is the appropriate tool for provisioning a network slice. The parameters were mostly correct: upStreamRatePerDevice was set to 10 Mbps as requested, and the unit 'Mbps' was correctly parsed from 'Mb/s' equivalent. The serviceTime and serviceArea were correctly set to null. However, there's an issue with the delay budget placement. The user said 'packet delay budget of 6 ms' without specifying upstream or downstream specifically. The agent placed it only in upStreamDelayBudget. While this could be a reasonable interpretation given the context of uplink traffic coordination, the user's request for 'packet delay budget' is ambiguous and could reasonably apply to both directions or just the general delay budget. The agent's interpretation is defensible but not clearly the only correct one. The unit 'Milliseconds' was correctly assumed per rule 6 since 'ms' was provided. The tool selection itself (create_session) was the correct and only appropriate tool for this task.
	The agent correctly identified and populated the upStreamRatePerDevice with value 10 and unit 'Mbps', matching the user's request for '10 Mbps uplink per device'. The serviceTime and serviceArea are correctly set to null since the user didn't specify them. The maxNumOfDevices and downStreamRatePerDevice are correctly null. However, there is an issue with the packet delay budget placement. The user said 'packet delay budget of 6 ms' without specifying whether it's upstream or downstream. The agent placed it only in upStreamDelayBudget, which is a reasonable interpretation given the context of uplink traffic, but the user's request for 'packet delay budget' is ambiguous and could reasonably apply to both directions or just one. A more conservative approach might have been to ask the user for clarification, or to apply it to both upstream and downstream delay budgets. The unit 'Milliseconds' is correctly inferred from 'ms' per rule 6. The value 6 is correct. The downStreamDelayBudget being null when the user said 'packet delay budget' (which could be interpreted as applying to both directions) is a minor concern. All argument types and formats match the tool's expected schema correctly.
]
"
True,0.85,"[
	The agent correctly selected the 'create_session' tool, which is the appropriate tool for establishing a network slice reservation. The arguments were well-constructed: downstream rate was set to 25 Mbps (matching the user's specification with unit included), latency was correctly mapped to downStreamDelayBudget with value 5 and unit 'Milliseconds' (the user said 'ms', and per rule 6, ms maps to Milliseconds). Fields not specified by the user (serviceTime, serviceArea, maxNumOfDevices, upStreamRatePerDevice, upStreamDelayBudget) were correctly set to null, following the rules about not fabricating values. The only minor consideration is that the user mentioned 'latency of 5 ms' generically, which could arguably apply to both downstream and upstream delay budgets, but mapping it to downStreamDelayBudget alone is a reasonable interpretation given the context of 'monitoring' (primarily downstream). Overall, the tool selection and parameter population were appropriate and correct.
	The agent correctly called `create_session` with well-structured arguments that largely align with the user's request and the tool's expected schema. Specifically: (1) `serviceTime` and `serviceArea` are correctly set to null since the user didn't specify them, following rule 5. (2) `maxNumOfDevices` is correctly null since the user didn't mention device count, following rule 3. (3) `downStreamRatePerDevice` is correctly set to {value: 25, unit: 'Mbps'}, matching the user's '25 Mbps' specification. The unit was provided by the user so no clarification was needed (rule 4). (4) `upStreamRatePerDevice` is correctly null since the user didn't specify upstream rates. (5) `downStreamDelayBudget` is set to {value: 5, unit: 'Milliseconds'}, which correctly captures the user's '5 ms' latency requirement. The unit 'ms' maps to 'Milliseconds' appropriately. (6) `upStreamDelayBudget` is null, which is reasonable since the user only mentioned 'latency' generically. However, a minor concern is that the user said 'prioritizing latency of 5 ms' without specifying downstream-only latency — this could reasonably be interpreted as applying to both downstream and upstream delay budgets. The agent only applied it to downstream, which is a defensible but potentially incomplete interpretation. All argument types, formats, and structures match the tool's input schema correctly. The only deduction is for the ambiguity in whether latency should have been applied to both delay budgets.
]
"
True,0.9,"[
	The agent correctly selected the 'create_session' tool, which is the appropriate tool for deploying a network slice reservation. The parameters were well-constructed: maxNumOfDevices set to 50 as requested, both downStreamDelayBudget and upStreamDelayBudget set to 2 Milliseconds (the user said 'ms' which maps to Milliseconds), serviceTime and serviceArea correctly set to null since the user didn't specify them, and downStreamRatePerDevice/upStreamRatePerDevice set to null since no throughput was mentioned. The only minor consideration is that the user said 'latency capped at 2 ms' generically, and the agent applied it to both upstream and downstream delay budgets, which is a reasonable interpretation. All rules were followed correctly: no fabricated values, proper unit handling, and proper null handling for unspecified fields.
	The agent correctly called `create_session` with well-formed arguments that align with the user's request. Specifically: (1) `maxNumOfDevices` is correctly set to 50, matching the user's specification of 50 devices. (2) `serviceTime` and `serviceArea` are correctly set to null since the user did not specify them, following the rules. (3) The latency/delay budget is set to 2 with unit 'Milliseconds', which correctly interprets '2 ms' from the user's request. (4) `downStreamRatePerDevice` and `upStreamRatePerDevice` are correctly set to null since the user did not specify throughput values. (5) Both `downStreamDelayBudget` and `upStreamDelayBudget` are set to the same value of 2 Milliseconds. The user said 'latency capped at 2 ms' without distinguishing between upstream and downstream, so applying it to both directions is a reasonable interpretation. The only minor concern is whether applying the latency cap to both upstream and downstream is the most accurate interpretation versus leaving one null, but this is a reasonable default behavior when the user doesn't distinguish directions. All argument types, formats, and structures match the expected schema perfectly.
]
"
True,0.85,"[
	The agent correctly selected the 'create_session' tool, which is the appropriate tool for creating a network slice reservation. The arguments were mostly well-constructed: upStreamRatePerDevice was correctly set to {value: 20, unit: 'Mbps'}, serviceTime and serviceArea were correctly set to null, maxNumOfDevices was null (not specified by user), and downStreamRatePerDevice was null. However, the 'packet delay budget' of 7 ms was placed only in upStreamDelayBudget. The user said 'packet delay budget' without specifying upstream or downstream specifically. A reasonable interpretation could be that it should apply to both upstream and downstream delay budgets, or at minimum the agent could have asked for clarification. Placing it only in upStreamDelayBudget is a defensible choice given the context of 'uplink rates' being the primary concern for precision agriculture machinery control, but it's slightly ambiguous. The unit 'Milliseconds' was correctly applied since 'ms' was provided. Overall, the tool selection was correct and the parameterization was reasonable.
	The agent correctly called `create_session` with well-structured arguments that largely match the user's request and the tool's expected schema. Specifically: (1) `serviceTime` and `serviceArea` are correctly set to null since the user didn't specify them, following the rules. (2) `upStreamRatePerDevice` is correctly set to `{""value"": 20, ""unit"": ""Mbps""}`, matching the user's '20 Mbps' uplink rate request. (3) `maxNumOfDevices`, `downStreamRatePerDevice`, and `downStreamDelayBudget` are correctly set to null since the user didn't specify them. (4) The user said 'packet delay budget of 7 ms' without specifying upstream vs downstream. The agent mapped this to `upStreamDelayBudget` with `{""value"": 7, ""unit"": ""Milliseconds""}`, which is a reasonable interpretation given the context of uplink-focused precision agriculture machinery control. However, the user said 'packet delay budget' generically, which could arguably apply to both upstream and downstream delay budgets. Not setting `downStreamDelayBudget` to the same value is a minor interpretation issue but defensible given rule 8 (don't fabricate values). (5) The unit 'Milliseconds' for the delay budget is correct per rule 6 (the user provided 'ms' which is milliseconds). (6) All argument types match the expected schema - integers for values, strings for units, nulls where appropriate. The slight deduction is for the ambiguity in mapping 'packet delay budget' only to upstream delay rather than potentially both directions.
]
"
True,0.85,"[
	The agent correctly selected the 'create_session' tool, which is the appropriate tool for provisioning a network slice. The parameters were well-constructed: maxNumOfDevices set to 150 as requested, both downStreamDelayBudget and upStreamDelayBudget set to 5 Milliseconds (correctly applying the rule that latency without a unit defaults to Milliseconds, and the user said 'ms' which maps to Milliseconds), serviceTime and serviceArea correctly set to null since the user didn't specify them, and throughput fields correctly set to null since no throughput was mentioned. The only minor consideration is that the user said 'latency under 5 ms' which could be interpreted as applying to both upstream and downstream delay budgets — the agent applied it to both, which is a reasonable interpretation. No unnecessary tools were called, and no better tool was available.
	The agent called `create_session` with well-structured arguments that largely match the tool's expected input schema and the user's request. Specifically: (1) `maxNumOfDevices` is correctly set to 150 as requested. (2) `serviceTime` and `serviceArea` are correctly set to null since the user didn't specify them, following the rules. (3) `downStreamRatePerDevice` and `upStreamRatePerDevice` are correctly null since no throughput was mentioned. (4) The latency value of 5 with unit 'Milliseconds' is correct — the user said '5 ms', and the unit was provided so 'Milliseconds' is appropriate. (5) Both `downStreamDelayBudget` and `upStreamDelayBudget` are set to 5 ms. The user said 'latency under 5 ms' without specifying upstream vs downstream separately, so applying it to both directions is a reasonable interpretation. However, a minor concern is that the user said 'under 5 ms' which implies a strict upper bound less than 5, but the agent used exactly 5 — this is a common and generally acceptable interpretation since the tool doesn't support strict inequality semantics. All argument types (integers, strings, nulls) match the schema expectations. The structure of the body object conforms to the required fields. Overall, the arguments are appropriate and well-formed with only the minor semantic nuance about 'under 5' vs 'exactly 5'.
]
"
True,0.85,"[
	The agent correctly selected the 'create_session' tool, which is the appropriate tool for establishing a network slice reservation. The parameters were mostly well-constructed: maxNumOfDevices=400 (matching user's 400 devices), serviceTime=null, serviceArea=null (correctly left null per rules), downStreamRatePerDevice=null, upStreamRatePerDevice=null (correctly left null since user didn't specify throughput). The latency was set to 6 with unit 'Milliseconds', which correctly follows rule 6 since 'ms' is essentially milliseconds. However, the agent applied the latency budget to both downStreamDelayBudget and upStreamDelayBudget, while the user only said 'latency capped at 6 ms' without specifying direction. Applying it to both directions is a reasonable interpretation of a general latency cap, though one could argue it should only be set where explicitly stated. Overall, the tool selection was correct and the parameterization was reasonable.
	The agent correctly called `create_session` with well-formed arguments that largely match the user's request and the tool's expected schema. Specifically: (1) `maxNumOfDevices` is correctly set to 400 as requested. (2) `serviceTime` and `serviceArea` are correctly set to null since the user didn't specify them, following the rules. (3) The latency value of 6 with unit 'Milliseconds' is correct — the user said '6 ms', and per rule 6, 'ms' maps to 'Milliseconds'. (4) `downStreamRatePerDevice` and `upStreamRatePerDevice` are correctly null since no throughput was specified. (5) The argument types and structure match the tool's input schema. The one concern is that the user said 'latency capped at 6 ms' without specifying whether this applies to downstream, upstream, or both. The agent applied it to both `downStreamDelayBudget` and `upStreamDelayBudget`, which is a reasonable interpretation but could be seen as slightly over-specifying — the user mentioned a single latency cap, and applying it symmetrically is a defensible choice but not explicitly requested for both directions. This is a minor issue, hence a small deduction.
]
"
True,0.9,"[
	The agent correctly selected the 'create_session' tool, which is the appropriate tool for deploying a network slice reservation. The arguments were well-constructed: downstream rate was set to 80 Mbps (matching the user's specification with unit), latency was correctly placed in downStreamDelayBudget with value 5 and unit 'Milliseconds' (the user said 'ms', which maps correctly). Fields not specified by the user (serviceTime, serviceArea, maxNumOfDevices, upStreamRatePerDevice, upStreamDelayBudget) were correctly set to null, following the rules about not fabricating values. The only minor consideration is whether the latency should also apply to upStreamDelayBudget since the user said 'latency of 5 ms' generically (not specifically downstream), but the agent's interpretation of applying it to downstream delay budget is reasonable given the context of 'downstream per device' being the primary specification. Overall, the tool selection and parameter mapping were appropriate and correct.
	The agent correctly called `create_session` with well-formed arguments that align with the user's request. The downstream rate was set to 80 Mbps as specified, and the latency was correctly interpreted as 5 Milliseconds (the user said 'ms', which maps to Milliseconds). The `serviceTime`, `serviceArea`, `maxNumOfDevices`, `upStreamRatePerDevice`, and `upStreamDelayBudget` were all correctly set to null since the user did not specify them, following the rules. The only minor consideration is that the user mentioned 'latency of 5 ms' without specifying downstream vs upstream — the agent mapped it to `downStreamDelayBudget` only, which is a reasonable interpretation for a video feedback/streaming use case but could arguably also apply to upstream. However, since the user didn't explicitly request upstream latency, leaving `upStreamDelayBudget` as null is consistent with rule 8 (all fields stay null unless specified). The argument types, structure, and values all match the tool's expected input schema.
]
"
True,0.75,"[
	The agent correctly selected the 'create_session' tool, which is the appropriate tool for creating a network slice reservation. The parameters were mostly well-constructed: maxNumOfDevices=70, serviceTime=null, serviceArea=null, downStreamRatePerDevice=null, upStreamRatePerDevice=null are all correct per the rules. The delay budget value of 4 with unit 'Milliseconds' is correct since the user said '4 ms'. However, the user said 'packet delay budget of 4 ms' without specifying upstream vs downstream separately. The agent applied it to both downStreamDelayBudget and upStreamDelayBudget, which is a reasonable interpretation but could be seen as slightly over-interpreting the user's request (the user mentioned a single 'packet delay budget', and applying it to both directions is a defensible choice). The tool selection itself was perfect — create_session is the only appropriate tool for this task.
	The agent correctly called `create_session` with well-formed arguments that match the tool's expected schema. The `maxNumOfDevices` was correctly set to 70, `serviceTime` and `serviceArea` were correctly set to null (as per rules), and `downStreamRatePerDevice`/`upStreamRatePerDevice` were correctly null since the user didn't specify them. The delay budget value of 4 with unit 'Milliseconds' is correct since the user said '4 ms'. However, the user said 'packet delay budget of 4 ms' which is a single general term. The agent applied this to both `downStreamDelayBudget` and `upStreamDelayBudget`, which is a reasonable interpretation but could be seen as slightly over-interpreting the user's request — the user mentioned one 'packet delay budget', not explicitly both upstream and downstream. This is a minor issue since applying it to both directions is a defensible interpretation for a general 'packet delay budget'. All argument types, formats, and structures are correct and match the tool's input schema.
]
"
True,0.7,"[
	The agent correctly selected the 'create_session' tool, which is the appropriate tool for provisioning a network slice. The arguments were mostly well-constructed: serviceTime and serviceArea are correctly null, upStreamRatePerDevice is correctly set to {value: 15, unit: 'Mbps'}, maxNumOfDevices and downStreamRatePerDevice are correctly null, and downStreamDelayBudget is correctly null. However, the latency specification is slightly debatable. The user said 'latency not exceeding 2 ms' without specifying upstream vs downstream specifically. The agent placed it only in upStreamDelayBudget, which is a reasonable interpretation given the industrial motion control context and the fact that the user also specified uplink rates. However, a general 'latency' requirement could arguably apply to both upstream and downstream delay budgets. The unit 'Milliseconds' is correctly applied since the user specified 'ms'. Overall, the tool selection was correct and the parameterization was reasonable, with only a minor ambiguity in how the latency constraint was mapped.
	The agent correctly called `create_session` with well-formed arguments that mostly align with the user's request and the tool's expected schema. Specifically: (1) `serviceTime` and `serviceArea` are correctly set to null since the user didn't specify them. (2) `maxNumOfDevices` is correctly null since the user didn't specify it. (3) `upStreamRatePerDevice` is correctly set to {value: 15, unit: 'Mbps'}, matching the user's request for 15 Mbps uplink. (4) `downStreamRatePerDevice` is correctly null since the user didn't specify it. (5) `downStreamDelayBudget` is null, which is reasonable since the user didn't explicitly specify a downstream delay. However, the user said 'latency not exceeding 2 ms' without specifying upstream vs downstream direction. This is ambiguous — the agent chose to apply it only to `upStreamDelayBudget`, which is a reasonable interpretation given the industrial motion control context and the fact that only uplink was mentioned for throughput. But a more complete interpretation could have applied the latency constraint to both upstream and downstream delay budgets, since the user said 'latency' generically. (6) The `upStreamDelayBudget` is set to {value: 2, unit: 'Milliseconds'}, which correctly interprets '2 ms' as 2 Milliseconds. The unit 'Milliseconds' matches the tool's expected enum values. All argument types, structures, and formats are correct and match the tool's input schema. The only concern is the partial application of the latency constraint (only upstream, not both directions), which is a debatable interpretation of the user's intent.
]
"
True,0.85,"[
	The agent correctly selected the 'create_session' tool, which is the appropriate tool for establishing a network slice reservation. The parameters were well-constructed: maxNumOfDevices set to 200 as specified, latency set to 5 ms with 'Milliseconds' unit (correctly inferred per rule 6 since 'ms' was provided), serviceTime and serviceArea correctly set to null (per rules 5 and 8), and downStreamRatePerDevice/upStreamRatePerDevice correctly set to null since no throughput was specified. The only minor consideration is that the user said 'latency capped at 5 ms' which could be interpreted as applying to both upstream and downstream delay budgets (as the agent did) or potentially just one direction, but applying it to both is a reasonable interpretation for a general latency cap. The tool selection was correct and no better alternative existed among the available tools.
	The agent called `create_session` with well-structured arguments that largely match the tool's expected schema. Specifically: (1) `maxNumOfDevices` is correctly set to 200 as an integer, matching the user's request. (2) `serviceTime` and `serviceArea` are correctly set to null since the user didn't specify them, following the rules. (3) `downStreamRatePerDevice` and `upStreamRatePerDevice` are correctly null since no throughput was mentioned. (4) The delay budget value of 5 with unit 'Milliseconds' is correct — the user said '5 ms', and the unit 'Milliseconds' is a valid enum value. (5) Both `downStreamDelayBudget` and `upStreamDelayBudget` are set to {value: 5, unit: 'Milliseconds'}. The user said 'latency capped at 5 ms' without specifying upstream vs downstream separately, so applying it to both directions is a reasonable interpretation. However, one could argue the user only mentioned a general 'latency' cap and the agent could have asked for clarification about whether it applies to both directions — but applying it symmetrically is a defensible default. All argument types, formats, and structures conform to the tool's input schema. The minor deduction is for the assumption that latency applies to both upstream and downstream without explicit user confirmation, though this is a reasonable interpretation.
]
"
True,0.7,"[
	The agent correctly chose the `create_session` tool, which is the appropriate tool for deploying a network slice reservation. The parameters were mostly correct: serviceTime and serviceArea are null (as per rules), maxNumOfDevices is null (not specified by user), upStreamRatePerDevice and upStreamDelayBudget are null (not specified). However, there are two issues: (1) The user specified '1 Gbps' for downstream rate, but the agent converted it to 1000 Mbps instead of using the value 1 with unit 'Gbps'. While 1000 Mbps is equivalent to 1 Gbps, the rules state to reuse the unit provided by the user, and the schema supports 'Gbps' as a valid unit. (2) The user said 'packet delay budget of 1 ms' which was mapped to downStreamDelayBudget only. The term 'packet delay budget' without specifying downstream or upstream is ambiguous - it could reasonably apply to both directions, but mapping it to downstream only is a defensible interpretation. The unit 'Milliseconds' is correct since 'ms' maps to milliseconds. Overall, the right tool was selected but the unit conversion for downstream rate deviates from the instruction to reuse the user's specified unit.
	The agent correctly structured the `create_session` call with proper types and formats for most fields. The `serviceTime`, `serviceArea`, `maxNumOfDevices`, `upStreamRatePerDevice`, and `upStreamDelayBudget` are correctly set to null as the user didn't specify them. The `downStreamDelayBudget` correctly uses value 1 with unit 'Milliseconds' — the user said '1 ms', and per rule 6, if no unit is given assume Milliseconds, but here 'ms' clearly means milliseconds so this is correct. However, there is an issue with the downstream rate: the user specified '1 Gbps' but the agent converted it to {value: 1000, unit: 'Mbps'} instead of passing {value: 1, unit: 'Gbps'}. While 1000 Mbps is numerically equivalent to 1 Gbps, the schema specifies a maximum value of 1024 for the rate value field, so 1000 is technically within range. However, the more natural and faithful representation of the user's input would be {value: 1, unit: 'Gbps'} — the agent unnecessarily converted the unit. Per rule 4, when the user provides a value with a unit, the agent should 'reuse that unit' (Gbps), not convert it. This is a meaningful deviation from the instructions. Additionally, the user mentioned 'packet delay budget' generically, and the agent mapped it only to `downStreamDelayBudget`. This is a reasonable interpretation given the user said 'downstream rates', suggesting a downstream focus, though 'packet delay budget' could arguably apply to both directions. Overall, the structure and types are correct, but the unit conversion for downstream rate violates the instruction to reuse the user's provided unit.
]
"
True,0.95,"[
	The agent correctly selected the 'create_session' tool, which is the appropriate tool for creating a network slice reservation. The arguments were well-constructed: maxNumOfDevices was set to 3000 as specified, upStreamRatePerDevice was correctly set to {value: 1, unit: 'Mbps'} matching the user's request, and all unspecified fields (serviceTime, serviceArea, downStreamRatePerDevice, downStreamDelayBudget, upStreamDelayBudget) were properly set to null following the rules. The agent correctly recognized 'Mbps' as a valid unit and did not ask for clarification. The only minor note is that the tool call appears in the agent's output but is listed as not used in 'MCP Primitives Used', which may be a reporting discrepancy rather than an actual issue with tool selection.
	The agent correctly called `create_session` with well-formed arguments that align with the user's request. Specifically: (1) `maxNumOfDevices` was set to 3000, matching the user's specification of 'up to 3000 devices'. (2) `upStreamRatePerDevice` was set to `{""value"": 1, ""unit"": ""Mbps""}`, correctly reflecting the user's '1 Mbps' uplink rate with the unit already provided. (3) `serviceTime` and `serviceArea` were correctly set to null since the user did not specify them, following the rules. (4) `downStreamRatePerDevice`, `downStreamDelayBudget`, and `upStreamDelayBudget` were correctly set to null since the user did not mention them. All required fields in the schema (`serviceTime`, `serviceArea`, `sliceQosProfile` and its sub-fields) are present. The argument types, formats, and values all match the tool's expected input schema. The only minor consideration is that the user said 'uplink rates of 1 Mbps per device' which the agent correctly interpreted as the upstream rate per device rather than a total aggregate rate. The arguments are fully appropriate and well-aligned with the user's request.
]
"
True,0.9,"[
	The agent correctly selected the 'create_session' tool, which is the appropriate tool for provisioning a network slice. The arguments were well-constructed: maxNumOfDevices set to 2500, downStreamDelayBudget set to {value: 100, unit: 'Milliseconds'} matching the user's '100 ms' specification, and all unspecified fields (serviceTime, serviceArea, upStreamRatePerDevice, downStreamRatePerDevice, upStreamDelayBudget) correctly set to null. The only minor issue is that the user said 'packet delay budget' which could arguably apply to both downstream and upstream delay budgets, but the agent only set the downstream delay budget. This is a reasonable interpretation but could be debated. Overall, the tool selection and parameter population were appropriate and followed the stated rules.
	The agent correctly called `create_session` with well-formed arguments that align with the user's request. Specifically: (1) `maxNumOfDevices` is set to 2500, matching the user's specification of 2500 devices. (2) `downStreamDelayBudget` has value 100 and unit 'Milliseconds', correctly interpreting 'packet delay budget of 100 ms'. (3) `serviceTime` and `serviceArea` are null, following the rule that they stay null unless specified. (4) `downStreamRatePerDevice` and `upStreamRatePerDevice` are null since the user didn't specify throughput values. (5) `upStreamDelayBudget` is null since the user only mentioned a general 'packet delay budget' — however, one could argue that 'packet delay budget' could apply to both upstream and downstream. The agent only set the downstream delay budget, which is a reasonable but potentially incomplete interpretation. All argument types, formats, and structures match the tool's expected input schema. The slight deduction is because the user said 'packet delay budget' generically (not specifically 'downstream'), so ideally both `downStreamDelayBudget` and `upStreamDelayBudget` could have been set to 100 ms.
]
"
True,0.6,"[
	The agent correctly chose the 'create_session' tool, which is the appropriate tool for establishing a network slice reservation. It correctly set maxNumOfDevices to 4000, upStreamRatePerDevice to 500 kbps, serviceTime to null, and serviceArea to null, all consistent with the user's request and the rules. However, there are two issues: (1) The downStreamRatePerDevice was set to {""value"": 0, ""unit"": ""bps""} instead of null. Per rule 8, all fields should stay null unless the user specifies them, and the user did not mention any downstream rate. Setting it to 0 bps is fabricating a value rather than leaving it null. (2) The delay budgets were correctly set to null. The tool selection itself (create_session) was correct and appropriate, but the parameterization was partially incorrect due to the fabricated downstream rate value.
	The agent correctly set maxNumOfDevices to 4000, upStreamRatePerDevice to {value: 500, unit: 'kbps'}, serviceTime to null, and serviceArea to null, all matching the user's request and the rules. However, there are two issues: (1) downStreamRatePerDevice was set to {value: 0, unit: 'bps'} instead of null — the user did not specify any downstream rate, so per rule 8 ('All fields stay null unless the user specifies them, never fabricate values'), this should have been null. Setting it to 0 bps is fabricating a value. (2) downStreamDelayBudget and upStreamDelayBudget were correctly set to null since the user didn't specify them. The overall structure and types match the tool's expected input schema, but the fabricated downstream rate value is a meaningful error that goes against the stated rules.
]
"
True,0.85,"[
	The agent correctly selected the 'create_session' tool, which is the appropriate tool for deploying a network slice reservation. The arguments were well-constructed: maxNumOfDevices was set to 1800 as specified, serviceTime and serviceArea were correctly set to null (not specified by user), downStreamRatePerDevice and upStreamRatePerDevice were null (not specified), and both downStreamDelayBudget and upStreamDelayBudget were set to 150 Milliseconds. The user provided 'ms' as the unit, which the agent correctly interpreted as 'Milliseconds'. The only minor consideration is whether applying the latency tolerance to both upstream and downstream delay budgets is the best interpretation of 'latency tolerance of 150 ms' — this is a reasonable interpretation since the user didn't specify directionality, though one could argue it should have been clarified. Overall, the tool selection and parameter population were appropriate and followed the stated rules.
	The agent called `create_session` with a well-structured body that correctly maps the user's request. Specifically: (1) `maxNumOfDevices` is correctly set to 1800 as requested. (2) `serviceTime` and `serviceArea` are correctly set to null since the user didn't specify them, following the rules. (3) The latency value of 150 is correctly used with unit 'Milliseconds' — the user said '150 ms', and per rule 6, if no unit were given, 'Milliseconds' would be assumed, but here 'ms' was provided which maps correctly to 'Milliseconds'. (4) `downStreamRatePerDevice` and `upStreamRatePerDevice` are correctly null since the user didn't specify throughput values. (5) The types and structure of all arguments match the expected schema. The one concern is that the agent applied the latency tolerance of 150 ms to both `downStreamDelayBudget` and `upStreamDelayBudget`. The user said 'latency tolerance of 150 ms' without specifying direction, so applying it to both directions is a reasonable interpretation, though it could be argued that the user's intent was ambiguous. This is a minor issue that slightly reduces the score but overall the arguments are well-formed and appropriate.
]
"
True,0.95,"[
	The agent correctly selected the 'create_session' tool, which is the only appropriate tool for creating a network slice reservation. The arguments were properly constructed: maxNumOfDevices set to 1200 as specified by the user, upStreamRatePerDevice set to {value: 800, unit: 'kbps'} matching the user's request for 800 kbps uplink rates, and all unspecified fields (serviceTime, serviceArea, downStreamRatePerDevice, downStreamDelayBudget, upStreamDelayBudget) correctly set to null following the rules about not fabricating values. The unit 'kbps' was correctly reused from the user's input without asking for clarification, adhering to rule 4. No unnecessary tool calls were made.
	The agent correctly called `create_session` with well-formed arguments that align with the user's request. Specifically: (1) `maxNumOfDevices` was set to 1200, matching the user's specification of 1200 devices. (2) `upStreamRatePerDevice` was set to `{""value"": 800, ""unit"": ""kbps""}`, correctly reflecting the user's request for 800 kbps uplink rates, with the unit properly extracted from the user's input. (3) `serviceTime` and `serviceArea` were correctly set to null, following the rule that these stay null unless specified by the user. (4) `downStreamRatePerDevice`, `downStreamDelayBudget`, and `upStreamDelayBudget` were correctly set to null since the user did not specify these values. All argument types match the expected schema: integers for numeric values, strings for units, and null for unspecified optional fields. The only minor note is that the body structure passes all required fields as specified in the schema. The arguments are semantically correct and well-aligned with the user's intent for flood monitoring sensor slice creation.
]
"
True,0.85,"[
	The agent correctly selected the 'create_session' tool, which is the appropriate tool for provisioning a network slice. The arguments were well-constructed: maxNumOfDevices set to 2200 as requested, downStreamDelayBudget set to value 200 with unit 'Milliseconds' (the user specified 'ms', which correctly maps to Milliseconds), and all unspecified fields (serviceTime, serviceArea, upStreamRatePerDevice, downStreamRatePerDevice, upStreamDelayBudget) were correctly set to null following the rules. The only minor consideration is that the user said 'packet delay budget' generically (not specifically downstream), so one could argue both downstream and upstream delay budgets should be set to 200ms. However, mapping 'packet delay budget' to downStreamDelayBudget is a reasonable interpretation. The tool selection was correct and no unnecessary tools were called.
	The agent correctly called `create_session` with well-structured arguments that largely match the user's request and the tool's expected schema. Specifically: (1) `maxNumOfDevices` is correctly set to 2200 as requested. (2) `downStreamDelayBudget` is set with value 200 and unit 'Milliseconds', which is appropriate since the user said '200 ms'. (3) `serviceTime` and `serviceArea` are correctly null since the user didn't specify them. (4) `downStreamRatePerDevice` and `upStreamRatePerDevice` are null since no throughput was mentioned. (5) `upStreamDelayBudget` is null. However, there is a minor concern: the user said 'packet delay budget of 200 ms' which is a general term that could reasonably apply to both downstream and upstream delay budgets, not just downstream. The agent only populated `downStreamDelayBudget` and left `upStreamDelayBudget` as null. This is a reasonable interpretation but could be seen as incomplete since 'packet delay budget' is often a general QoS parameter. The argument types, formats, and structure all correctly match the tool's input schema.
]
"
True,0.95,"[
	The agent correctly selected the 'create_session' tool, which is the only appropriate tool for establishing a new network slice reservation. The arguments were properly constructed: maxNumOfDevices set to 3500 as specified, upStreamRatePerDevice set to {value: 300, unit: 'kbps'} matching the user's request, and all unspecified fields (serviceTime, serviceArea, downStreamRatePerDevice, downStreamDelayBudget, upStreamDelayBudget) correctly set to null following the rules. The unit 'kbps' was correctly reused from the user's input without asking for clarification. No unnecessary tool calls were made.
	The agent correctly called `create_session` with well-formed arguments that align with the user's request. Specifically: (1) `maxNumOfDevices` was set to 3500, matching the user's specification of 3500 devices. (2) `upStreamRatePerDevice` was set to `{""value"": 300, ""unit"": ""kbps""}`, correctly reflecting the user's request for 300 kbps uplink rates, with the unit properly recognized and passed as 'kbps' which is a valid enum value. (3) `serviceTime` and `serviceArea` were correctly set to null since the user did not specify them, following the rules. (4) `downStreamRatePerDevice`, `downStreamDelayBudget`, and `upStreamDelayBudget` were correctly set to null since the user did not mention them. All required fields in the schema (`serviceTime`, `serviceArea`, `sliceQosProfile`, and the inner required fields) are present. The argument types, formats, and values all match the tool's expected input schema. The only minor note is that the null fields within sliceQosProfile are explicitly set to null rather than omitted, but this is acceptable and correct per the schema. Overall, the arguments are appropriate and well-aligned with the user's request.
]
"
True,0.85,"[
	The agent correctly selected the 'create_session' tool, which is the appropriate tool for deploying a network slice reservation. The arguments were well-constructed: maxNumOfDevices set to 900 as specified, latency set to 250 with unit 'Milliseconds' (correctly using the provided 'ms' unit), serviceTime and serviceArea correctly set to null since the user didn't specify them, and downstream/upstream rates set to null since they weren't mentioned. The agent applied the latency to both downstream and upstream delay budgets, which is a reasonable interpretation of 'latency tolerance' since the user didn't specify a direction. The only minor consideration is whether applying latency to both directions was the best interpretation, but it's a defensible choice. All rules were followed correctly.
	The agent called `create_session` with well-structured arguments that largely match the tool's expected input schema and the user's request. Specifically: (1) `maxNumOfDevices` is correctly set to 900 as requested. (2) `serviceTime` and `serviceArea` are correctly set to null since the user didn't specify them, following the rules. (3) The latency value of 250 with unit 'Milliseconds' is correct — the user said '250 ms', and the unit 'ms' maps to 'Milliseconds'. (4) `downStreamRatePerDevice` and `upStreamRatePerDevice` are correctly null since no throughput was specified. (5) The argument types and structure match the schema expectations. The one concern is that the user said 'latency tolerance of 250 ms' without specifying whether it applies to downstream, upstream, or both. The agent applied it to both `downStreamDelayBudget` and `upStreamDelayBudget`, which is a reasonable interpretation but could be seen as slightly over-interpreting the user's intent. However, applying latency to both directions is a common and defensible default when the user doesn't distinguish. All required fields are present and properly formatted.
]
"
True,0.95,"[
	The agent correctly selected the 'create_session' tool, which is the only appropriate tool for creating a network slice reservation. The arguments were properly constructed: maxNumOfDevices set to 1600, upStreamRatePerDevice set to {value: 1, unit: 'Mbps'} matching the user's specification, and all unspecified fields (serviceTime, serviceArea, downStreamRatePerDevice, downStreamDelayBudget, upStreamDelayBudget) correctly set to null following the rules. The agent did not fabricate any values and correctly reused the 'Mbps' unit provided by the user without asking for clarification. No unnecessary tool calls were made.
	The agent correctly called `create_session` with well-formed arguments that align with the user's request. Specifically: (1) `maxNumOfDevices` was set to 1600, matching the user's specification of 1600 devices. (2) `upStreamRatePerDevice` was set to `{""value"": 1, ""unit"": ""Mbps""}`, correctly reflecting the user's '1 Mbps' uplink rate with the unit already provided. (3) `serviceTime` and `serviceArea` were correctly set to null since the user did not specify them, following the rules. (4) `downStreamRatePerDevice`, `downStreamDelayBudget`, and `upStreamDelayBudget` were correctly set to null since the user did not mention them. All required fields in the schema (`serviceTime`, `serviceArea`, `sliceQosProfile` and its sub-fields) are present. The argument types, formats, and values all match the tool's expected input schema. The only minor note is that the unit 'Mbps' is correctly one of the accepted enum values. Overall, the arguments are appropriate and well-aligned with the user's request.
]
"
True,0.85,"[
	The agent correctly selected the 'create_session' tool, which is the appropriate tool for provisioning a network slice. The arguments were well-constructed: maxNumOfDevices set to 2800 as requested, downStreamDelayBudget set to value 120 with unit 'Milliseconds' (correctly interpreting 'ms' as milliseconds per the rules), and all unspecified fields (serviceTime, serviceArea, upStreamRatePerDevice, downStreamRatePerDevice, upStreamDelayBudget) correctly set to null. The only minor consideration is that 'packet delay budget' could arguably apply to both downstream and upstream delay budgets, but mapping it to downStreamDelayBudget is a reasonable interpretation. Overall, the tool selection and parameter population were appropriate and followed the stated rules.
	The agent called `create_session` with a well-structured body that correctly maps the user's request. The arguments are analyzed as follows:

1. **maxNumOfDevices: 2800** — Correct. The user specified 2800 devices.
2. **downStreamDelayBudget: {value: 120, unit: 'Milliseconds'}** — Correct. The user said '120 ms', and 'ms' maps to 'Milliseconds'. The value and unit are properly set.
3. **serviceTime: null** — Correct per rules (not specified by user).
4. **serviceArea: null** — Correct per rules (not specified by user).
5. **downStreamRatePerDevice: null** — Correct (not specified by user).
6. **upStreamRatePerDevice: null** — Correct (not specified by user).
7. **upStreamDelayBudget: null** — This is where there's a minor concern. The user said 'packet delay budget of 120 ms' without specifying downstream vs upstream. A reasonable interpretation could be that the delay budget applies to both downstream and upstream, or at least that the user's intent was ambiguous. The agent only set the downstream delay budget. While this is a defensible interpretation (the tool schema has separate fields), setting only the downstream delay budget when the user said 'packet delay budget' generically could be seen as incomplete. However, per rule 8 ('All fields stay null unless the user specifies them'), one could argue the user didn't explicitly say 'upstream', so leaving it null is acceptable.

All argument types are correct (integers, strings, nulls where appropriate). The structure matches the expected input schema. The only deduction is for the ambiguity in whether 'packet delay budget' should have been applied to both upstream and downstream delay budgets.
]
"
True,0.95,"[
	The agent correctly selected the 'create_session' tool, which is the only appropriate tool for establishing a new network slice reservation. The arguments were properly constructed: maxNumOfDevices set to 1400 as specified, upStreamRatePerDevice set to {value: 600, unit: 'kbps'} matching the user's request, and all unspecified fields (serviceTime, serviceArea, downStreamRatePerDevice, downStreamDelayBudget, upStreamDelayBudget) correctly set to null following the rules. The unit 'kbps' was correctly reused from the user's input without asking for clarification, adhering to rule 4. No unnecessary tool calls were made.
	The agent correctly called `create_session` with well-formed arguments that align with the user's request. Specifically: (1) `maxNumOfDevices` was set to 1400, matching the user's specification of 1400 devices. (2) `upStreamRatePerDevice` was set to `{""value"": 600, ""unit"": ""kbps""}`, correctly reflecting the user's request for 600 kbps uplink rates, with the unit properly extracted from the user's input. (3) `serviceTime` and `serviceArea` were correctly set to null, as the user did not specify them (following rule 5). (4) `downStreamRatePerDevice`, `downStreamDelayBudget`, and `upStreamDelayBudget` were correctly set to null since the user did not mention them (following rule 8). All required fields in the schema (`serviceTime`, `serviceArea`, `sliceQosProfile`, and the inner required fields) are present. The types are correct: `maxNumOfDevices` is an integer, `value` is an integer, and `unit` is a valid enum string. The only minor observation is that the null fields within `sliceQosProfile` are explicitly set to null rather than omitted, but this is acceptable and arguably more explicit. Overall, the arguments are well-formed, appropriate, and fully aligned with the user's request.
]
"
True,0.85,"[
	The agent correctly selected the 'create_session' tool, which is the appropriate tool for deploying a network slice reservation. The parameters were well-constructed: maxNumOfDevices set to 2000 as requested, both downStreamDelayBudget and upStreamDelayBudget set to 180 Milliseconds (the user said 'ms' so the unit was correctly identified, and applying latency to both directions is a reasonable interpretation of 'latency tolerance'), serviceTime and serviceArea correctly set to null since the user didn't specify them, and downStreamRatePerDevice and upStreamRatePerDevice correctly set to null since no throughput was mentioned. The only minor consideration is whether applying the latency budget to both upstream and downstream is the ideal interpretation of a general 'latency tolerance' statement — it's reasonable but could be debated. Overall, the tool selection and parameter population were appropriate and followed the stated rules.
	The agent called `create_session` with arguments that are mostly well-formed and aligned with the user's request. Specifically: (1) `maxNumOfDevices` is correctly set to 2000 as requested. (2) `serviceTime` and `serviceArea` are correctly set to null since the user didn't specify them, following the rules. (3) The latency value of 180 with unit 'Milliseconds' is correct — the user said '180 ms', and the unit 'ms' maps to 'Milliseconds'. (4) `downStreamRatePerDevice` and `upStreamRatePerDevice` are correctly null since no throughput was specified. (5) The argument types and structure match the expected schema. However, there is a minor concern: the user said 'latency tolerance of 180 ms' without specifying whether it applies to downstream, upstream, or both. The agent applied it to both `downStreamDelayBudget` and `upStreamDelayBudget`, which is a reasonable interpretation but could be seen as slightly over-specifying since the user gave a single general latency value. This is a defensible choice for a general 'latency tolerance' statement, so only a small deduction is warranted.
]
"
True,0.95,"[
	The agent correctly selected the 'create_session' tool, which is the only appropriate tool for creating a network slice reservation. The arguments were properly constructed: maxNumOfDevices set to 1100 as specified, upStreamRatePerDevice set to {value: 700, unit: 'kbps'} matching the user's request, and all unspecified fields (serviceTime, serviceArea, downStreamRatePerDevice, downStreamDelayBudget, upStreamDelayBudget) correctly set to null following the rules. The unit 'kbps' was correctly reused from the user's input without asking for clarification. No unnecessary tool calls were made.
	The agent correctly called `create_session` with well-formed arguments that align with the user's request. Specifically: (1) `maxNumOfDevices` is set to 1100, matching the user's specification of 1100 devices. (2) `upStreamRatePerDevice` is set to `{""value"": 700, ""unit"": ""kbps""}`, correctly reflecting the user's request for 700 kbps uplink rates, with the unit properly extracted from the user's input. (3) `serviceTime` and `serviceArea` are correctly set to null, as the user did not specify them (following rule 5). (4) `downStreamRatePerDevice`, `downStreamDelayBudget`, and `upStreamDelayBudget` are correctly set to null since the user did not mention them (following rule 8). All required fields in the schema (`serviceTime`, `serviceArea`, `sliceQosProfile`, and the inner required fields) are present. The types are correct: `maxNumOfDevices` is an integer, `value` is an integer, and `unit` is a valid enum string. The only minor observation is that the null fields within `sliceQosProfile` are explicitly set to null rather than omitted, but this is acceptable and arguably more explicit. Overall, the arguments are well-formed, appropriate, and fully aligned with the user's request.
]
"
True,0.85,"[
	The agent correctly selected the 'create_session' tool, which is the appropriate tool for provisioning a network slice. The arguments were well-constructed: maxNumOfDevices was set to 3200 as specified, downStreamDelayBudget was set to 100 with unit 'Milliseconds' (the user said 'ms', which correctly maps to Milliseconds), serviceTime and serviceArea were correctly set to null since the user didn't specify them, and unspecified fields like downstream/upstream rates and upstream delay budget were correctly left as null. The only minor consideration is that 'packet delay budget' could arguably apply to both downstream and upstream delay budgets, but setting it only as downStreamDelayBudget is a reasonable interpretation. Overall, the tool selection and parameter population were appropriate and followed the stated rules.
	The agent correctly called `create_session` with well-structured arguments that largely match the user's request and the tool's expected schema. Specifically: (1) `maxNumOfDevices` is correctly set to 3200 as requested. (2) `downStreamDelayBudget` is set to `{""value"": 100, ""unit"": ""Milliseconds""}`, which is appropriate since the user specified '100 ms' — the unit 'ms' maps correctly to 'Milliseconds'. (3) `serviceTime` and `serviceArea` are correctly set to null since the user didn't specify them, following the rules. (4) `downStreamRatePerDevice` and `upStreamRatePerDevice` are correctly null since no throughput was specified. (5) `upStreamDelayBudget` is null, which is reasonable. However, there is a minor issue: the user said 'packet delay budget of 100 ms' without specifying downstream vs upstream. This is a general packet delay budget that could reasonably apply to both downstream and upstream delay budgets. The agent only populated `downStreamDelayBudget` and left `upStreamDelayBudget` as null. A more complete interpretation might have set both delay budgets to 100 ms, since 'packet delay budget' is a general term. This is a debatable interpretation but represents a slight misalignment with the user's intent. All argument types, formats, and structures are correct and match the tool's input schema.
]
"
True,0.95,"[
	The agent correctly selected the 'create_session' tool, which is the appropriate tool for establishing a new network slice reservation. The arguments were properly constructed: maxNumOfDevices set to 1700 as specified by the user, upStreamRatePerDevice set to {value: 900, unit: 'kbps'} matching the user's request for 900 kbps uplink rates, and all unspecified fields (serviceTime, serviceArea, downStreamRatePerDevice, downStreamDelayBudget, upStreamDelayBudget) were correctly set to null following the rules about not fabricating values. The unit 'kbps' was correctly reused from the user's input without asking for clarification, adhering to rule 4. No unnecessary tool calls were made.
	The agent correctly called `create_session` with well-formed arguments that align with the user's request. Specifically: (1) `maxNumOfDevices` was set to 1700, matching the user's specification of 1700 devices. (2) `upStreamRatePerDevice` was set to `{""value"": 900, ""unit"": ""kbps""}`, correctly reflecting the user's request for 900 kbps uplink rates, with the unit properly extracted from the user's input. (3) `serviceTime` and `serviceArea` were correctly set to null, as the user did not specify them (following rule 5). (4) `downStreamRatePerDevice`, `downStreamDelayBudget`, and `upStreamDelayBudget` were correctly set to null since the user did not mention them (following rule 8). All required fields in the schema (`serviceTime`, `serviceArea`, `sliceQosProfile`, and the inner required fields) are present. The types are correct: `maxNumOfDevices` is an integer, `value` is an integer, and `unit` is a valid enum string. The only minor observation is that the null fields within `sliceQosProfile` are explicitly set to null rather than omitted, but this is acceptable and arguably more explicit. Overall, the arguments are well-formed, appropriate, and fully aligned with the user's request.
]
"
True,0.85,"[
	The agent correctly selected the 'create_session' tool, which is the appropriate tool for deploying a network slice reservation. The parameters were well-constructed: maxNumOfDevices was set to 2600 as specified, latency was set to 200 with unit 'Milliseconds' (correctly using 'ms' as milliseconds per rule 6), serviceTime and serviceArea were correctly set to null (per rules 5 and 8), and downStreamRatePerDevice/upStreamRatePerDevice were correctly set to null since the user didn't specify throughput values. The only minor consideration is that the user said 'latency tolerance of 200 ms' which could be interpreted as applying to both downstream and upstream delay budgets (which the agent did), though one could argue it's slightly presumptive to apply it to both directions. However, this is a reasonable interpretation since 'latency tolerance' is a general term. Overall, the tool selection and parameter population were appropriate and correct.
	The agent correctly called `create_session` with well-structured arguments that largely match the user's request and the tool's expected schema. Specifically: (1) `maxNumOfDevices` is correctly set to 2600 as requested. (2) `serviceTime` and `serviceArea` are correctly set to null since the user didn't specify them. (3) `downStreamRatePerDevice` and `upStreamRatePerDevice` are correctly set to null since no throughput was mentioned. (4) The delay budget value of 200 with unit 'Milliseconds' is correct — the user said '200 ms', and the unit 'Milliseconds' matches the schema's enum. (5) Both `downStreamDelayBudget` and `upStreamDelayBudget` are set to 200 ms. The user said 'latency tolerance of 200 ms' without specifying upstream vs downstream, so applying it to both is a reasonable interpretation. However, one could argue that the user's generic 'latency tolerance' might have been intended as a single overall constraint rather than being duplicated to both directions — this is a minor ambiguity but the agent's approach is defensible. All argument types (integers, strings, nulls) match the expected schema. The structure of the body object conforms to the required fields. The only slight concern is whether applying the latency to both upstream and downstream without asking is the best interpretation, but given the user's phrasing it is reasonable.
]
"
True,0.95,"[
	The agent correctly selected the 'create_session' tool, which is the only appropriate tool for creating a network slice reservation. The arguments were well-constructed: maxNumOfDevices set to 1500, upStreamRatePerDevice set to {value: 500, unit: 'kbps'}, and all unspecified fields (serviceTime, serviceArea, downStreamRatePerDevice, downStreamDelayBudget, upStreamDelayBudget) correctly set to null, following the rules about not fabricating values. The unit 'kbps' was correctly reused from the user's input without asking again. The tool selection and parameter population are fully appropriate for the user's request.
	The agent correctly called `create_session` with well-formed arguments that align with the user's request. Specifically: (1) `maxNumOfDevices` is set to 1500, matching the user's specification of 1500 devices. (2) `upStreamRatePerDevice` is set to `{""value"": 500, ""unit"": ""kbps""}`, correctly reflecting the user's request for 500 kbps uplink rates, with the unit properly recognized and passed. (3) `serviceTime` and `serviceArea` are correctly set to null, as the user did not specify them (per rule 5). (4) `downStreamRatePerDevice`, `downStreamDelayBudget`, and `upStreamDelayBudget` are correctly set to null since the user did not mention them (per rule 8). All required fields in the schema (`serviceTime`, `serviceArea`, `sliceQosProfile`, and the inner required fields) are present. The types are correct: `maxNumOfDevices` is an integer, `value` is an integer, and `unit` is a valid enum string. The only minor note is that the null values for the inner sliceQosProfile fields are acceptable given the schema allows null types. Overall, the arguments are appropriate, well-structured, and faithfully represent the user's request.
]
"
True,0.9,"[
	The agent correctly selected the 'create_session' tool, which is the appropriate tool for provisioning a network slice. The arguments were well-constructed: maxNumOfDevices was set to 800 as specified, downStreamDelayBudget was set to 150 with unit 'Milliseconds' (the user provided 'ms' which correctly maps to Milliseconds), and all unspecified fields (serviceTime, serviceArea, upStreamRatePerDevice, downStreamRatePerDevice, upStreamDelayBudget) were correctly set to null following the rules. The only minor consideration is that 'packet delay budget' could arguably apply to both downstream and upstream delay budgets, but setting it only as downStreamDelayBudget is a reasonable interpretation. Overall, the tool selection and parameter population were appropriate and followed the stated rules.
	The agent correctly called `create_session` with well-formed arguments that align with the user's request. Specifically: (1) `maxNumOfDevices` was correctly set to 800 as requested. (2) `downStreamDelayBudget` was set with value 150 and unit 'Milliseconds', which is appropriate since the user specified '150 ms'. (3) `serviceTime` and `serviceArea` were correctly set to null since the user didn't specify them, following the rules. (4) `downStreamRatePerDevice` and `upStreamRatePerDevice` were correctly set to null since no throughput was mentioned. (5) `upStreamDelayBudget` was set to null. The only minor concern is that the user said 'packet delay budget' generically (not specifically downstream), so one could argue both `downStreamDelayBudget` and `upStreamDelayBudget` should have been set to 150ms. However, mapping a generic 'packet delay budget' to downstream delay budget is a reasonable interpretation. All argument types, formats, and structures match the tool's expected input schema.
]
"
True,0.95,"[
	The agent correctly selected the 'create_session' tool, which is the only appropriate tool for establishing a new network slice reservation. The arguments were properly constructed: maxNumOfDevices set to 4200 as specified, upStreamRatePerDevice set to {value: 400, unit: 'kbps'} matching the user's request, and all unspecified fields (serviceTime, serviceArea, downStreamRatePerDevice, downStreamDelayBudget, upStreamDelayBudget) correctly set to null following the rules about not fabricating values. The unit 'kbps' was correctly reused from the user's input without asking for clarification, adhering to rule 4. No unnecessary tool calls were made.
	The agent correctly called `create_session` with well-formed arguments that align with the user's request. Specifically: (1) `maxNumOfDevices` was set to 4200, matching the user's specification of 4200 devices. (2) `upStreamRatePerDevice` was set to `{""value"": 400, ""unit"": ""kbps""}`, correctly reflecting the user's request for 400 kbps uplink rates, with the unit properly extracted from the user's input. (3) `serviceTime` and `serviceArea` were correctly set to null, as the user did not specify them (per the rules). (4) `downStreamRatePerDevice`, `downStreamDelayBudget`, and `upStreamDelayBudget` were correctly set to null since the user did not mention them. All required fields in the schema (`serviceTime`, `serviceArea`, `sliceQosProfile`, and the inner required fields) are present. The argument types, formats, and values all match the tool's expected input schema. The only minor note is that the unit 'kbps' is valid per the enum ['bps', 'kbps', 'Mbps', 'Gbps', 'Tbps']. Everything is correctly aligned with the user's intent and the tool's expectations.
]
"
True,0.75,"[
	The agent correctly selected the 'create_session' tool, which is the appropriate tool for deploying a network slice reservation. The parameters were well-constructed: maxNumOfDevices set to 2300 as specified, both downStreamDelayBudget and upStreamDelayBudget set to 180 Milliseconds (the user said 'ms' so the unit was correctly identified, and applying latency to both directions is a reasonable interpretation of 'latency tolerance'), serviceTime and serviceArea correctly set to null since the user didn't specify them, and downStreamRatePerDevice and upStreamRatePerDevice correctly set to null since no throughput was mentioned. The only minor consideration is whether applying the latency budget to both upstream and downstream is the ideal interpretation of a general 'latency tolerance' statement — it's reasonable but could be debated. Overall, the tool selection and parameter population were appropriate and followed the stated rules.
	The agent correctly called `create_session` with well-formed arguments that match the tool's expected schema. The `maxNumOfDevices` was correctly set to 2300, `serviceTime` and `serviceArea` were correctly set to null (as per rules), and `downStreamRatePerDevice`/`upStreamRatePerDevice` were correctly set to null since the user didn't specify throughput. The delay budget value of 180 with unit 'Milliseconds' is correct since the user specified '180 ms'. However, the user said 'latency tolerance of 180 ms' which is a general latency specification. The agent applied this to both `downStreamDelayBudget` and `upStreamDelayBudget`, which is a reasonable interpretation but could be debated — the user didn't explicitly distinguish between upstream and downstream latency. This is a minor issue since applying the latency tolerance symmetrically is a sensible default interpretation. All argument types, formats, and structures match the tool's input schema correctly.
]
"
True,0.9,"[
	The agent correctly selected the 'create_session' tool, which is the only appropriate tool for creating a network slice reservation. The arguments were well-constructed: downstream rate set to 250 Mbps (matching user's specification with unit), packet delay budget set to 12 Milliseconds (correctly interpreting 'ms' as Milliseconds per rule 6), and all unspecified fields (serviceTime, serviceArea, maxNumOfDevices, upStreamRatePerDevice, upStreamDelayBudget) correctly set to null per the rules. The only minor consideration is that 'packet delay budget' could arguably apply to both downstream and upstream delay budgets, but mapping it to downStreamDelayBudget is a reasonable interpretation. Overall, the tool selection and parameter population were appropriate and correct.
	The agent correctly called `create_session` with well-formed arguments that closely match the user's request. The downstream rate was set to 250 Mbps as specified, and the packet delay budget was set to 12 Milliseconds, which is correct since the user said '12 ms' (rule 6 says assume Milliseconds if no unit, but 'ms' is clearly milliseconds anyway). The `serviceTime`, `serviceArea`, `maxNumOfDevices`, `upStreamRatePerDevice`, and `upStreamDelayBudget` were all correctly set to null since the user didn't specify them, following the rules about not fabricating values. The argument types and structure match the expected input schema for `create_session`. The only minor consideration is that the user mentioned 'packet delay budget' generically without specifying downstream vs upstream — the agent mapped it to `downStreamDelayBudget` which is a reasonable interpretation but could arguably also apply to upstream. However, given the context of a mobile esports tournament where downstream (receiving game data) is critical, this is a sensible default. All required fields in the schema are present, types are correct, and the values align with the user's request.
]
"
True,0.9,"[
	The agent correctly selected the 'create_session' tool, which is the appropriate tool for provisioning a network slice. The arguments were well-constructed: maxNumOfDevices set to 60, downStreamRatePerDevice set to 400 Mbps (correctly reusing the user-provided unit), and all unspecified fields (serviceTime, serviceArea, upStreamRatePerDevice, downStreamDelayBudget, upStreamDelayBudget) properly set to null, adhering to the rules about not fabricating values. The tool selection and parameter population are fully aligned with the user's request. The only minor note is that the tool call appears in the agent's output but wasn't registered in 'primitives_used', which may be a logging discrepancy rather than an actual issue with tool selection.
	The agent correctly called `create_session` with well-formed arguments that align with the user's request. Specifically: (1) `maxNumOfDevices` is set to 60, matching the user's specification of 60 devices. (2) `downStreamRatePerDevice` has value 400 and unit 'Mbps', correctly reflecting '400 Mbps downstream per device'. (3) `serviceTime` and `serviceArea` are null, which is correct since the user did not specify them (per rule 5). (4) `upStreamRatePerDevice`, `downStreamDelayBudget`, and `upStreamDelayBudget` are null, which is correct since the user did not mention these (per rule 8). All argument types match the expected schema: integers for numeric values, strings for units, null for unspecified fields. The body structure follows the required schema with all required fields present. The only minor issue is that `upStreamRatePerDevice`, `downStreamDelayBudget`, and `upStreamDelayBudget` are passed as null rather than as objects or being omitted, but since the schema allows null for these fields, this is acceptable.
]
"
True,0.9,"[
	The agent correctly selected the 'create_session' tool, which is the appropriate tool for establishing a network slice reservation. The arguments were well-constructed: downstream rate was set to 200 Mbps as specified, latency (downStreamDelayBudget) was set to 20 Milliseconds matching the 'ms' unit provided by the user, and unspecified fields (serviceTime, serviceArea, maxNumOfDevices, upStreamRatePerDevice, upStreamDelayBudget) were correctly left as null following the rules. The tool selection was correct and no unnecessary tools were called. A minor note is that the latency was placed only in downStreamDelayBudget, which is reasonable for a surveillance feed review scenario (downstream-focused), though one could argue the user's 'latency under 20 ms' might apply to both directions. Overall, the tool choice and parameter mapping were appropriate.
	The agent correctly called `create_session` with well-formed arguments that align with the user's request. The downstream rate was set to 200 Mbps as specified, and the latency (downStreamDelayBudget) was set to 20 Milliseconds, correctly interpreting 'ms' as Milliseconds per the rules. The `serviceTime`, `serviceArea`, `maxNumOfDevices`, `upStreamRatePerDevice`, and `upStreamDelayBudget` were all correctly set to null since the user did not specify them, following the rule that all fields stay null unless the user specifies them. The argument types (integer for values, string for units) match the expected schema. The only minor consideration is that the user said 'latency under 20 ms' which could be interpreted as a general latency requirement rather than specifically downstream delay budget, but mapping it to downStreamDelayBudget is a reasonable interpretation given the context of reviewing HD feeds (which is a downstream-heavy use case). All required fields in the schema are present and properly structured.
]
"
True,0.9,"[
	The agent correctly selected the 'create_session' tool, which is the appropriate tool for deploying a network slice reservation. The arguments were well-constructed: maxNumOfDevices set to 100, downStreamRatePerDevice set to {value: 150, unit: 'Mbps'}, and all unspecified fields (serviceTime, serviceArea, upStreamRatePerDevice, downStreamDelayBudget, upStreamDelayBudget) correctly set to null. The agent followed all the rules: it didn't fabricate values, correctly reused the user-provided unit 'Mbps', and only populated fields the user specified. The tool selection and parameter construction are both appropriate and correct.
	The agent correctly called `create_session` with well-formed arguments that align with the user's request. Specifically: (1) `maxNumOfDevices` is set to 100, matching the user's specification of 100 devices. (2) `downStreamRatePerDevice` has value 150 and unit 'Mbps', correctly reflecting '150 Mbps' from the user's request. (3) `serviceTime` and `serviceArea` are null, which is correct since the user didn't specify them (per rule 5). (4) `upStreamRatePerDevice`, `downStreamDelayBudget`, and `upStreamDelayBudget` are null, which is correct since the user didn't mention these (per rule 8). All argument types match the expected schema: integers for numeric values, strings for units, null for unspecified fields. The structure of the body object with nested `sliceQosProfile` is correct. The only minor issue is that `upStreamRatePerDevice`, `downStreamDelayBudget`, and `upStreamDelayBudget` are passed as null rather than as objects or omitted, but the schema allows null for these fields, so this is valid. Overall, the arguments are appropriate, well-formed, and correctly aligned with the user's request.
]
"
True,0.9,"[
	The agent correctly selected the 'create_session' tool, which is the only appropriate tool for creating a network slice reservation. The arguments were well-constructed: downstream rate was set to 90 Mbps as specified by the user, and all unspecified fields (serviceTime, serviceArea, maxNumOfDevices, upStreamRatePerDevice, downStreamDelayBudget, upStreamDelayBudget) were correctly set to null, following the rules that fields should stay null unless the user specifies them. The user mentioned 'prioritizing user experience' but didn't provide specific latency or other QoS values, so the agent correctly didn't fabricate any values. The unit 'Mbps' was correctly extracted from the user's input without asking again. The only minor consideration is whether 'prioritizing user experience' should have prompted the agent to ask if the user wants to specify latency budgets, but the rules state fields stay null unless specified, so the agent's approach is defensible.
	The agent correctly called `create_session` with well-formed arguments that align with the user's request. The downstream rate was set to 90 Mbps as specified by the user, with the correct unit 'Mbps'. The `serviceTime` and `serviceArea` fields were correctly set to null since the user did not specify them, following rule 5. The `maxNumOfDevices` was correctly set to null since the user did not specify a number of devices, following rules 2-3 and 8. The `upStreamRatePerDevice`, `downStreamDelayBudget`, and `upStreamDelayBudget` were correctly set to null since the user did not specify these values, following rule 8. The user mentioned 'prioritizing user experience' but did not provide specific latency or upstream values, so the agent correctly did not fabricate any values. The only minor consideration is that the user's mention of 'prioritizing user experience' could arguably warrant asking if they want to set latency budgets, but the agent's approach of not fabricating values is consistent with rule 8. All argument types, formats, and structures match the expected input schema of the `create_session` tool.
]
"
False,0.0,"[
	The agent did not use any tools at all. The user requested provisioning a network slice with 500 devices and 4 ms latency. The agent should have used the 'create_session' tool with the appropriate parameters: maxNumOfDevices=500, downStreamDelayBudget={value: 4, unit: 'Milliseconds'}, upStreamDelayBudget={value: 4, unit: 'Milliseconds'}, and null values for serviceTime, serviceArea, and throughput fields. Instead, the agent output '0' and made no tool calls.
	The agent did not use any MCP primitives/tools at all. The user requested provisioning a network slice with 500 devices and latency capped at 4 ms, which should have resulted in a call to 'create_session' with appropriate arguments (maxNumOfDevices: 500, downStreamDelayBudget and upStreamDelayBudget with value 4 and unit 'Milliseconds', serviceTime: null, serviceArea: null, and null for rate fields). Since no tools were invoked, no arguments can be evaluated as correct.
]
"
True,0.75,"[
	The agent correctly selected the 'create_session' tool, which is the appropriate tool for establishing a network slice reservation. The arguments were well-constructed: upStreamRatePerDevice was set to {value: 35, unit: 'Mbps'} matching the user's request, and the packet delay budget was mapped to upStreamDelayBudget with {value: 3, unit: 'Milliseconds'} which correctly follows the rule about assuming milliseconds (though the user did specify 'ms', which is milliseconds). Fields not specified by the user (serviceTime, serviceArea, maxNumOfDevices, downStreamRatePerDevice, downStreamDelayBudget) were correctly set to null. The only minor consideration is that 'packet delay budget' is somewhat ambiguous — it could apply to both upstream and downstream, or just one direction. The agent chose to map it to upStreamDelayBudget only, which is a reasonable interpretation given the context of uplink-focused robotic firefighting units, but mapping it to both upstream and downstream delay budgets could also have been valid. Overall, the tool selection and parameter mapping were appropriate and correct.
	The agent correctly mapped the user's request to the create_session tool with mostly appropriate arguments. The upStreamRatePerDevice was correctly set to {value: 35, unit: 'Mbps'} matching the user's '35 Mbps' specification. The serviceTime, serviceArea, maxNumOfDevices, and downStreamRatePerDevice were correctly set to null since the user didn't specify them. However, there is an issue with the packet delay budget placement. The user said 'packet delay budget of 3 ms' without specifying upstream or downstream specifically. The agent placed it only in upStreamDelayBudget and left downStreamDelayBudget as null. While one could argue that since the user mentioned uplink rates, the delay budget might be associated with upstream, the user's phrasing 'packet delay budget' is generic and could reasonably apply to both directions. A more conservative interpretation might set both delay budgets, but placing it only in upstream is a defensible interpretation given the uplink context. The unit 'Milliseconds' is correct per rule 6 (the user said 'ms' which is milliseconds, and the tool accepts 'Milliseconds'). The value types are correct (integers for values, strings for units). All required fields in the schema are present.
]
"
False,0.4,"[
	The agent correctly chose the `create_session` tool, which is the appropriate tool for deploying a network slice. It correctly set maxNumOfDevices to 600, serviceTime and serviceArea to null, and the delay budgets to 5 Milliseconds (correctly interpreting 'ms' as Milliseconds). However, the agent violated rule 8 ('All fields stay null unless the user specifies them, never fabricate values') by fabricating downstream and upstream rate values of 10 Mbps — the user never mentioned any throughput/rate values. These fields should have been set to null. The tool selection itself was correct, but the parameters were partially incorrect due to fabricated values.
	The agent correctly set maxNumOfDevices to 600 and the delay budgets to 5 Milliseconds, matching the user's request. The serviceTime and serviceArea were correctly set to null per the rules. However, the agent fabricated values for downStreamRatePerDevice and upStreamRatePerDevice (10 Mbps each), which the user never specified. According to rule 8 ('All fields stay null unless the user specifies them, never fabricate values'), these should have been null. The user only mentioned latency under 5 ms and 600 devices — no throughput values were requested. This is a significant violation of the instructions, as the agent invented data that wasn't provided by the user. The argument types and structure are otherwise correct and well-formed for the create_session tool.
]
"
True,0.95,"[
	The agent correctly selected the 'create_session' tool, which is the only appropriate tool for creating a network slice reservation. The arguments were properly constructed: downstream rate set to 70 Mbps (matching the user's specified value and unit), latency/delay budget set to 6 Milliseconds (correctly interpreting 'ms' as Milliseconds per rule 6), and all unspecified fields (serviceTime, serviceArea, maxNumOfDevices, upStreamRatePerDevice, upStreamDelayBudget) were correctly set to null per the rules. No unnecessary tools were called, and no better tool was available.
	The agent correctly called `create_session` with well-formed arguments that align with the user's request. Specifically: (1) `downStreamRatePerDevice` was set to `{""value"": 70, ""unit"": ""Mbps""}`, matching the user's '70 Mbps' downstream rate. (2) `downStreamDelayBudget` was set to `{""value"": 6, ""unit"": ""Milliseconds""}`, correctly interpreting '6 ms' as 6 Milliseconds per the rule that latency without explicit unit assumes Milliseconds (and 'ms' maps to Milliseconds). (3) `serviceTime` and `serviceArea` are correctly null since the user didn't specify them. (4) `maxNumOfDevices` is null since the user didn't specify a device count. (5) `upStreamRatePerDevice` and `upStreamDelayBudget` are null since the user didn't request upstream parameters. All argument types match the expected schema (integers for values, strings for units, nulls for unspecified fields). The only minor note is that `upStreamRatePerDevice` and `upStreamDelayBudget` are passed as `null` rather than as objects, which is acceptable per the schema's `anyOf` allowing null. The arguments are semantically correct and well-aligned with the user's request for remote heavy machinery diagnostics with 70 Mbps downstream and 6 ms latency.
]
"
True,0.75,"[
	The agent correctly selected the 'create_session' tool, which is the appropriate tool for provisioning a network slice. The parameters were mostly well-constructed: maxNumOfDevices=250, serviceTime=null, serviceArea=null, downStreamRatePerDevice=null, upStreamRatePerDevice=null are all correct per the rules. The delay budget value of 4 with unit 'Milliseconds' is correct since the user said '4 ms'. However, the user said 'packet delay budget' generically without specifying upstream vs downstream separately. The agent applied it to both downStreamDelayBudget and upStreamDelayBudget, which is a reasonable interpretation but could be debated — one could argue only one direction should be set or that the agent should have asked for clarification. This is a minor issue in parameter interpretation rather than tool selection. The tool choice itself was perfect — create_session is the only appropriate tool for this task.
	The agent correctly called `create_session` with well-structured arguments that match the tool's expected input schema. The `maxNumOfDevices` was correctly set to 250, `serviceTime` and `serviceArea` were correctly set to null (as per the rules since the user didn't specify them), and `downStreamRatePerDevice`/`upStreamRatePerDevice` were correctly set to null. The delay budget value of 4 with unit 'Milliseconds' is correct since the user said '4 ms'. However, the user said 'packet delay budget of 4 ms' which is a single generic mention of delay. The agent applied this to both `downStreamDelayBudget` and `upStreamDelayBudget`, which is a reasonable interpretation but could be debated — the user didn't explicitly distinguish between upstream and downstream delay. This is a minor issue since applying the same delay budget to both directions is a sensible default interpretation. The argument types, structure, and formats all match the tool's expected schema correctly.
]
"
True,0.95,"[
	The agent correctly selected the 'create_session' tool, which is the appropriate tool for establishing a new network slice reservation. The arguments were properly constructed: maxNumOfDevices set to 3100 as specified, upStreamRatePerDevice set to {value: 300, unit: 'kbps'} matching the user's request, and all unspecified fields (serviceTime, serviceArea, downStreamRatePerDevice, downStreamDelayBudget, upStreamDelayBudget) correctly set to null following the rules. The unit 'kbps' was correctly reused from the user's input without asking for clarification, adhering to rule 4. No unnecessary tool calls were made.
	The agent correctly called `create_session` with well-formed arguments that align with the user's request. Specifically: (1) `maxNumOfDevices` was set to 3100, matching the user's specification of 3100 devices. (2) `upStreamRatePerDevice` was set to `{""value"": 300, ""unit"": ""kbps""}`, correctly reflecting the user's request for 300 kbps uplink rates, with the unit properly recognized and passed in the expected enum format. (3) `serviceTime` and `serviceArea` were correctly set to null, as the user did not specify them (following rule 5). (4) `downStreamRatePerDevice`, `downStreamDelayBudget`, and `upStreamDelayBudget` were correctly set to null since the user did not mention them (following rule 8). All required fields in the schema (`serviceTime`, `serviceArea`, `sliceQosProfile`, and the inner required fields) are present. The argument types, formats, and values all match the tool's expected input schema. The only minor note is that the null values for the inner sliceQosProfile fields are acceptable per the schema's anyOf allowing null types. Overall, the arguments are appropriate and correctly aligned with the user's request.
]
"
False,0.4,"[
	The agent correctly chose the `create_session` tool, which is the appropriate tool for deploying a network slice. It correctly set maxNumOfDevices to 1900, serviceTime and serviceArea to null, and the delay budgets to 200 Milliseconds (correctly interpreting 'ms' as Milliseconds). However, the agent violated rule 8 ('All fields stay null unless the user specifies them, never fabricate values') by fabricating downstream and upstream rate values (10 kbps) that the user never mentioned. The user only specified devices and latency tolerance — throughput rates should have been left as null. The tool selection itself was correct, but the parameterization included fabricated values, which is a significant error in tool usage.
	The agent correctly set maxNumOfDevices to 1900 and the delay budgets to 200 Milliseconds, which aligns with the user's request. The serviceTime and serviceArea were correctly set to null. However, the agent fabricated values for downStreamRatePerDevice and upStreamRatePerDevice (10 kbps each), which the user never specified. According to the rules, 'All fields stay null unless the user specifies them, never fabricate values.' These throughput fields should have been set to null instead of invented values. The latency unit 'ms' was correctly interpreted as 'Milliseconds' per rule 6. The structural format and types of all arguments match the tool's expected input schema, but the content violation of fabricating throughput values is a significant issue.
]
"
True,0.95,"[
	The agent correctly selected the 'create_session' tool, which is the only appropriate tool for creating a network slice reservation. The arguments were properly constructed: maxNumOfDevices set to 2700, upStreamRatePerDevice set to {value: 800, unit: 'kbps'}, and all unspecified fields (serviceTime, serviceArea, downStreamRatePerDevice, downStreamDelayBudget, upStreamDelayBudget) correctly set to null. The agent followed all the rules: it didn't fabricate values, correctly reused the user-provided unit 'kbps' without asking, and left optional fields as null. The tool selection and parameter population are fully appropriate for the user's request.
	The agent correctly called `create_session` with well-formed arguments that align with the user's request. Specifically: (1) `maxNumOfDevices` is set to 2700, matching the user's specification of 2700 devices. (2) `upStreamRatePerDevice` is set to `{""value"": 800, ""unit"": ""kbps""}`, correctly reflecting the user's request for 800 kbps uplink rates, with the unit properly extracted from the user's input. (3) `serviceTime` and `serviceArea` are correctly set to null, as the user did not specify them (following rule 5). (4) `downStreamRatePerDevice`, `downStreamDelayBudget`, and `upStreamDelayBudget` are correctly set to null since the user did not mention them (following rule 8). All required fields in the schema (`serviceTime`, `serviceArea`, `sliceQosProfile`, and the inner required fields) are present. The argument types match expectations (integer for value, string for unit, null for unspecified fields). The only minor observation is that the value 800 is within the allowed range (0-1024) for the rate value field. Everything is properly structured and semantically correct.
]
"
True,0.7,"[
	The agent correctly selected the 'create_session' tool, which is the appropriate tool for provisioning a network slice. The parameters were mostly well-constructed: maxNumOfDevices=2100, serviceTime=null, serviceArea=null, downStreamRatePerDevice=null, upStreamRatePerDevice=null are all correct per the rules. The delay budget value of 150 with unit 'Milliseconds' is correct since the user specified 'ms'. However, the user said 'packet delay budget of 150 ms' without specifying whether it's upstream or downstream. The agent applied it to both downStreamDelayBudget and upStreamDelayBudget, which is a reasonable interpretation but could be seen as slightly over-specifying since the user didn't explicitly distinguish between upstream and downstream. This is a minor issue in parameter population rather than tool selection. The tool choice itself (create_session) was the only correct option among the available tools.
	The agent correctly called `create_session` with well-formed arguments matching the expected schema. The `maxNumOfDevices` was correctly set to 2100, `serviceTime` and `serviceArea` were correctly set to null (as per rules), and `downStreamRatePerDevice`/`upStreamRatePerDevice` were correctly null since the user didn't specify them. The delay budget value of 150 with unit 'Milliseconds' is correct (the user said '150 ms'). However, the user said 'packet delay budget of 150 ms' which is a single, general specification. The agent applied it to both `downStreamDelayBudget` and `upStreamDelayBudget`, which is a reasonable interpretation but could be seen as fabricating a value for one direction if the user only intended one. This is a borderline decision — applying a general 'packet delay budget' to both directions is defensible but not explicitly requested for both individually. The types, formats, and structure of all arguments are correct and match the tool's input schema.
]
"
True,0.95,"[
	The agent correctly selected the 'create_session' tool, which is the appropriate tool for establishing a new network slice reservation. The arguments were properly constructed: maxNumOfDevices set to 1200 as specified, upStreamRatePerDevice set to {value: 600, unit: 'kbps'} matching the user's request, and all unspecified fields (serviceTime, serviceArea, downStreamRatePerDevice, downStreamDelayBudget, upStreamDelayBudget) were correctly set to null following the rules. The unit 'kbps' was correctly reused from the user's input without asking for clarification. No unnecessary tool calls were made, and no better tool was available for this task.
	The agent correctly called `create_session` with well-formed arguments that align with the user's request. Specifically: (1) `maxNumOfDevices` is set to 1200, matching the user's specification of 1200 devices. (2) `upStreamRatePerDevice` is correctly set with value 600 and unit 'kbps', matching the user's 'uplink rates of 600 kbps'. (3) `serviceTime` and `serviceArea` are correctly set to null since the user did not specify them, following the rules. (4) `downStreamRatePerDevice`, `downStreamDelayBudget`, and `upStreamDelayBudget` are correctly set to null since the user did not mention them. All argument types match the expected schema (integers for numeric values, strings for units, null for unspecified fields). The structure of the body object matches the required schema with all required fields present. The only minor note is that the unit 'kbps' is correctly one of the accepted enum values ['bps', 'kbps', 'Mbps', 'Gbps', 'Tbps']. Everything is properly aligned with both the tool's expected input schema and the user's request.
]
"
True,0.95,"[
	The agent correctly selected the 'create_session' tool, which is the only appropriate tool for creating a network slice reservation. The arguments were well-constructed: downstream rate was set to 180 Mbps as specified, latency was correctly placed in 'downStreamDelayBudget' with value 15 and unit 'Milliseconds' (the user said 'ms', which maps correctly). Fields not mentioned by the user (serviceTime, serviceArea, maxNumOfDevices, upStreamRatePerDevice, upStreamDelayBudget) were correctly set to null, following the rules about not fabricating values. The only minor consideration is that the user said 'latency of 15 ms' without specifying downstream vs upstream — the agent chose to apply it only to downstream delay budget, which is a reasonable interpretation but could arguably also apply to upstream. However, per the rules (only populate fields the user specifies), this is acceptable. Overall, the tool selection and parameter population were appropriate and correct.
	The agent correctly called `create_session` with well-formed arguments that closely match the user's request and the tool's expected input schema. Specifically: (1) `serviceTime` is null, as the user did not specify a service time — correct per rules. (2) `serviceArea` is null, as the user did not specify a service area — correct per rules. (3) `maxNumOfDevices` is null, as the user did not specify a number of devices — correct per rules. (4) `downStreamRatePerDevice` has value 180 and unit 'Mbps', matching the user's '180 Mbps downstream' — correct. (5) `upStreamRatePerDevice` is null, as the user did not specify upstream — correct. (6) `downStreamDelayBudget` has value 15 and unit 'Milliseconds', correctly interpreting '15 ms' latency as downstream delay budget with the appropriate unit — correct. (7) `upStreamDelayBudget` is null, as the user did not specify upstream latency — correct. The only minor consideration is that the user said 'latency of 15 ms' without specifying downstream vs upstream, so one could argue both delay budgets should be set, but interpreting it as downstream delay budget is a reasonable default. All types, formats, and structures match the tool's input schema perfectly.
]
"
True,0.9,"[
	The agent correctly selected the 'create_session' tool, which is the only appropriate tool for provisioning a new network slice. The arguments were well-constructed: maxNumOfDevices set to 90, downStreamRatePerDevice set to {value: 300, unit: 'Mbps'}, and all unspecified fields (serviceTime, serviceArea, upStreamRatePerDevice, downStreamDelayBudget, upStreamDelayBudget) correctly set to null, adhering to the rules about not fabricating values. The unit 'Mbps' was correctly reused from the user's input without asking again. The tool selection and parameter population are fully appropriate for the user's request.
	The agent correctly called `create_session` with well-formed arguments that align with the user's request. Specifically: (1) `maxNumOfDevices` is set to 90, matching the user's specification of 90 devices. (2) `downStreamRatePerDevice` has value 300 with unit 'Mbps', correctly reflecting '300 Mbps' from the user's request. (3) `serviceTime` and `serviceArea` are null, which is correct since the user didn't specify them (per rule 5). (4) `upStreamRatePerDevice`, `downStreamDelayBudget`, and `upStreamDelayBudget` are null, which is correct since the user didn't mention these (per rule 8). All argument types match the expected schema: integers for numeric values, strings for units, and null for unspecified fields. The structure of the body object with nested `sliceQosProfile` is properly formatted. The only minor issue is that `upStreamRatePerDevice`, `downStreamDelayBudget`, and `upStreamDelayBudget` are passed as null rather than as objects or omitted, but since the schema allows null for these fields, this is acceptable.
]
"
True,0.95,"[
	The agent correctly selected the 'create_session' tool, which is the only appropriate tool for establishing a new network slice reservation. The arguments were properly constructed: maxNumOfDevices set to 400 as specified by the user, upStreamRatePerDevice set to {value: 45, unit: 'Mbps'} matching the user's request for 45 Mbps uplink rates, and all unspecified fields (serviceTime, serviceArea, downStreamRatePerDevice, downStreamDelayBudget, upStreamDelayBudget) were correctly set to null following the rules that fields should stay null unless the user specifies them. The agent did not fabricate any values and correctly reused the 'Mbps' unit provided by the user without asking for clarification.
	The agent correctly called `create_session` with well-formed arguments that align with the user's request. Specifically: (1) `maxNumOfDevices` was set to 400, matching the user's specification of 400 devices. (2) `upStreamRatePerDevice` was set to `{""value"": 45, ""unit"": ""Mbps""}`, correctly reflecting the user's '45 Mbps' uplink rate with the unit properly recognized and passed. (3) `serviceTime` and `serviceArea` were correctly set to null since the user did not specify them, following the rules. (4) `downStreamRatePerDevice`, `downStreamDelayBudget`, and `upStreamDelayBudget` were correctly set to null since the user did not mention them, adhering to the rule of not fabricating values. All argument types match the expected schema: integers for numeric values, strings for units, and null for unspecified fields. The structure of the body object matches the `create_session` input schema with all required fields present. The only minor consideration is that the arguments are passed as a JSON string rather than a parsed object, but this is a formatting detail that depends on the framework's handling.
]
"
True,0.6,"[
	The agent correctly chose the 'create_session' tool, which is the appropriate tool for deploying a network slice. The parameters were mostly correct: upStreamRatePerDevice was set to 250 Mbps as requested, serviceTime and serviceArea were correctly set to null, and maxNumOfDevices was null since no device count was specified. However, the packet delay budget of 18 ms was only applied to upStreamDelayBudget. The user said 'packet delay budget' without specifying upstream or downstream, which is ambiguous - it could reasonably be interpreted as applying to both upstream and downstream delay budgets, or at least the agent should have clarified. Setting only upStreamDelayBudget while leaving downStreamDelayBudget null is a reasonable but debatable interpretation. The unit 'Milliseconds' was correctly inferred from 'ms'. Overall, the tool selection was correct but the parameter mapping had a minor ambiguity issue.
	The agent correctly set upStreamRatePerDevice to {value: 250, unit: 'Mbps'} matching the user's request. The serviceTime, serviceArea, and maxNumOfDevices are correctly null since the user didn't specify them. downStreamRatePerDevice is correctly null. However, the packet delay budget of 18 ms was placed only in upStreamDelayBudget, while the user said 'packet delay budget' without specifying upstream or downstream direction. A generic 'packet delay budget' would typically apply to both upstream and downstream delay budgets, so downStreamDelayBudget should also have been set to {value: 18, unit: 'Milliseconds'}. The unit 'Milliseconds' is correct per rule 6 (the user said 'ms' which is milliseconds). The argument structure and types are well-formed and match the tool's expected schema. The main issue is the incomplete mapping of the packet delay budget to only the upstream direction rather than both directions.
]
"
True,0.9,"[
	The agent correctly selected the 'create_session' tool, which is the only appropriate tool for creating a network slice reservation. The arguments were well-constructed: maxNumOfDevices set to 700 as specified, downStreamRatePerDevice set to 85 Mbps matching the user's request with the correct unit, and all unspecified fields (serviceTime, serviceArea, upStreamRatePerDevice, downStreamDelayBudget, upStreamDelayBudget) were correctly set to null following the rules. The agent did not fabricate any values and did not ask unnecessary follow-up questions since the user provided the downstream rate with a unit (Mbps). The only minor note is that the tool call appears in the agent's message but isn't listed under 'Tools Used by Agent' (MCP Primitives Used is empty), which may be a reporting artifact rather than an actual issue with tool selection.
	The agent correctly called `create_session` with well-formed arguments that align with the user's request. The `maxNumOfDevices` was set to 700 as specified, `downStreamRatePerDevice` was set to {value: 85, unit: 'Mbps'} matching the user's '85 Mbps', and `serviceTime`, `serviceArea`, `upStreamRatePerDevice`, `downStreamDelayBudget`, and `upStreamDelayBudget` were all set to null since the user didn't specify them, following the rules. All argument types match the expected schema (integer for value, string for unit, null for unspecified fields). The only minor issue is that the body structure passes explicit null values for fields like `upStreamRatePerDevice`, `downStreamDelayBudget`, and `upStreamDelayBudget` rather than omitting them, but since the schema marks these as required fields in the sliceQosProfile object, passing null is actually the correct approach. The arguments are well-aligned with both the tool's expected input schema and the user's request.
]
"
True,0.85,"[
	The agent correctly selected the 'create_session' tool, which is the appropriate tool for provisioning a network slice reservation. The parameters were well-constructed: maxNumOfDevices set to 350 as specified, both downStreamDelayBudget and upStreamDelayBudget set to 6 Milliseconds (correctly applying the rule that latency without explicit unit defaults to Milliseconds, and reasonably applying the 'under 6 ms' latency requirement to both directions since the user didn't specify a direction), serviceTime and serviceArea correctly set to null since the user didn't specify them, and downStreamRatePerDevice/upStreamRatePerDevice correctly set to null since no throughput was mentioned. The only minor consideration is whether applying the latency budget to both upstream and downstream is the best interpretation — the user said 'latency under 6 ms' generically, so applying it bidirectionally is a reasonable interpretation. No unnecessary tools were called.
	The agent called `create_session` with well-structured arguments that largely match the tool's expected schema and the user's request. Specifically: (1) `maxNumOfDevices` is correctly set to 350 as requested. (2) `serviceTime` and `serviceArea` are correctly set to null since the user didn't specify them, following the rules. (3) The delay budget value of 6 with unit 'Milliseconds' correctly reflects 'latency under 6 ms' — the user said 'ms' so the unit is appropriate. (4) `downStreamRatePerDevice` and `upStreamRatePerDevice` are correctly null since no throughput was specified. (5) Both `downStreamDelayBudget` and `upStreamDelayBudget` are set to the same latency value, which is a reasonable interpretation since the user said 'latency under 6 ms' without specifying direction. However, a minor concern is that the user said 'under 6 ms' which implies the latency should be strictly less than 6, but the tool accepts a value field that represents a budget (maximum allowable), so setting it to 6 is a reasonable approximation. All argument types (integers, strings, nulls) match the expected schema. The structure is correct with required fields present. The only slight issue is the assumption that both upstream and downstream delay budgets should be set when the user just said 'latency' generically, but this is a reasonable default interpretation rather than an error.
]
"
True,0.85,"[
	The agent correctly selected the 'create_session' tool, which is the appropriate tool for establishing a network slice reservation. The arguments were well-constructed: maxNumOfDevices set to 900 as specified, downStreamDelayBudget set to value 5 with unit 'Milliseconds' (correctly interpreting 'ms' as milliseconds per rule 6), and unspecified fields (serviceTime, serviceArea, upStreamRatePerDevice, downStreamRatePerDevice, upStreamDelayBudget) correctly set to null following the rules. The only minor consideration is that 'packet delay budget' could arguably apply to both downstream and upstream delay budgets rather than just downstream, but the agent's interpretation is reasonable. Overall, the tool selection and parameter population were appropriate and followed the stated rules.
	The agent correctly called `create_session` with well-structured arguments that largely match the user's request and the tool's expected schema. Specifically: (1) `maxNumOfDevices` was correctly set to 900 as requested. (2) `downStreamDelayBudget` was set with value 5 and unit 'Milliseconds', which is appropriate since the user said '5 ms' — the unit was correctly interpreted. (3) `serviceTime` and `serviceArea` were correctly set to null since the user didn't specify them. (4) `downStreamRatePerDevice` and `upStreamRatePerDevice` were correctly set to null since no throughput was mentioned. (5) `upStreamDelayBudget` was set to null. However, there is a minor concern: the user said 'packet delay budget of 5 ms' without specifying downstream vs upstream. This is a general delay budget that could reasonably apply to both downstream and upstream. The agent only populated `downStreamDelayBudget` and left `upStreamDelayBudget` as null. A more complete interpretation might have set both delay budgets to 5 ms, since 'packet delay budget' is a general term. This is a reasonable but slightly incomplete interpretation, hence a small deduction. All argument types, formats, and structures are correct and match the tool's input schema.
]
"
True,0.75,"[
	The agent correctly selected the 'create_session' tool, which is the appropriate tool for deploying a network slice reservation. The parameters were mostly well-constructed: upStreamRatePerDevice was correctly set to 25 Mbps, serviceTime and serviceArea were correctly set to null (as per rules), maxNumOfDevices was null (not specified by user), and downStreamRatePerDevice was null (not specified). The latency of 7 ms was correctly interpreted with unit 'Milliseconds' (per rule 6). However, the agent placed the latency value only in upStreamDelayBudget, leaving downStreamDelayBudget as null. The user said 'latency of 7 ms' without specifying direction, which is ambiguous — it could reasonably apply to both upstream and downstream, or just upstream given the context of 'remote vehicle diagnostics' which emphasizes uplink. This is a reasonable interpretation given the uplink-focused context, though setting both delay budgets could also be justified. Overall, the tool selection was correct and the parameterization was reasonable.
	The agent correctly called `create_session` with well-structured arguments that mostly align with the user's request and the tool's expected schema. Specifically: (1) `serviceTime` and `serviceArea` are correctly set to null since the user didn't specify them. (2) `upStreamRatePerDevice` is correctly set to {value: 25, unit: 'Mbps'}, matching the user's '25 Mbps' uplink rate. (3) `maxNumOfDevices`, `downStreamRatePerDevice` are correctly null since the user didn't specify them. (4) The latency value of 7 ms is correctly interpreted with unit 'Milliseconds' per rule 6. However, there is a notable issue: the user said 'latency of 7 ms' without specifying whether it's uplink or downlink latency. The agent assigned it only to `upStreamDelayBudget` and left `downStreamDelayBudget` as null. Given the context of 'remote vehicle diagnostics' which involves uploading diagnostic data, assigning latency to uplink is a reasonable interpretation, but a generic 'latency' mention could arguably apply to both directions. This is a minor semantic ambiguity rather than a clear error. The argument types, formats, and structure all match the tool's expected input schema correctly.
]
"
True,0.85,"[
	The agent correctly selected the 'create_session' tool, which is the appropriate tool for creating a network slice reservation. The parameters were well-constructed: maxNumOfDevices set to 450 as requested, latency set to 6 with unit 'Milliseconds' (correctly interpreting 'ms' per rule 6), serviceTime and serviceArea correctly set to null (per rules 5 and 8), and downStreamRatePerDevice/upStreamRatePerDevice correctly set to null since no throughput was specified. The only minor concern is that the agent applied the latency budget to both downstream and upstream delay budgets, which is a reasonable interpretation of 'latency capped at 6 ms' since the user didn't specify directionality. The tool selection was perfect - create_session is the only appropriate tool for this task.
	The agent called `create_session` with well-structured arguments that largely match the tool's expected schema. The `maxNumOfDevices` was correctly set to 450, `serviceTime` and `serviceArea` were correctly set to null (as per the rules since the user didn't specify them), and `downStreamRatePerDevice`/`upStreamRatePerDevice` were correctly set to null. The latency value of 6 with unit 'Milliseconds' is correct — the user said '6 ms', and per rule 6, 'ms' maps to 'Milliseconds'. However, there is a minor issue: the user said 'latency capped at 6 ms' without specifying whether this applies to downstream, upstream, or both. The agent applied it to both `downStreamDelayBudget` and `upStreamDelayBudget`, which is a reasonable interpretation but could be seen as slightly over-specifying since the user didn't explicitly mention both directions. This is a defensible choice for a latency cap on toll gate controls, but it's worth noting. All argument types, formats, and structures match the tool's input schema correctly.
]
"
True,0.85,"[
	The agent correctly selected the 'create_session' tool, which is the appropriate tool for provisioning a network slice reservation. The arguments were well-constructed: maxNumOfDevices was set to 500 as specified, downStreamDelayBudget was set to value 5 with unit 'Milliseconds' (the user said 'ms', which correctly maps to Milliseconds), and unspecified fields (serviceTime, serviceArea, upStreamRatePerDevice, downStreamRatePerDevice, upStreamDelayBudget) were correctly set to null following the rules. The only minor consideration is that 'packet delay budget' could arguably apply to both downstream and upstream delay budgets, but setting it only as downStreamDelayBudget is a reasonable interpretation. Overall, the tool selection and parameter population were appropriate and followed the stated rules.
	The agent correctly called `create_session` with well-structured arguments that largely match the user's request and the tool's expected schema. Specifically: (1) `maxNumOfDevices` is correctly set to 500 as requested. (2) `serviceTime` and `serviceArea` are correctly set to null since the user didn't specify them, following the rules. (3) `downStreamDelayBudget` has value 5 with unit 'Milliseconds', which is appropriate since the user said '5 ms'. (4) `downStreamRatePerDevice` and `upStreamRatePerDevice` are set to null since the user didn't specify throughput values. (5) `upStreamDelayBudget` is set to null. However, there's a minor issue: the user said 'packet delay budget of 5 ms' which is a general term that could reasonably apply to both downstream and upstream delay budgets, not just downstream. The agent only populated `downStreamDelayBudget` and left `upStreamDelayBudget` as null. This is a reasonable interpretation but arguably incomplete — a 'packet delay budget' in network slicing contexts often refers to a general latency constraint that should apply in both directions. This is a debatable point, so only a small deduction is warranted. All argument types, formats, and structures are correct and match the tool's input schema.
]
"
True,0.95,"[
	The agent correctly selected the 'create_session' tool, which is the appropriate tool for establishing a new network slice reservation. The arguments were properly constructed: maxNumOfDevices set to 1000 as specified, upStreamRatePerDevice set to {value: 700, unit: 'kbps'} matching the user's request, and all unspecified fields (serviceTime, serviceArea, downStreamRatePerDevice, downStreamDelayBudget, upStreamDelayBudget) were correctly set to null following the rules about not fabricating values. The unit 'kbps' was correctly reused from the user's input without asking for clarification, adhering to rule 4. No unnecessary tool calls were made.
	The agent correctly called `create_session` with well-formed arguments that align with the user's request. Specifically: (1) `maxNumOfDevices` is set to 1000, matching the user's specification of 1000 devices. (2) `upStreamRatePerDevice` is set to `{""value"": 700, ""unit"": ""kbps""}`, correctly reflecting the user's request for 700 kbps uplink rates, with the unit properly recognized and passed. (3) `serviceTime` and `serviceArea` are correctly set to null, as the user did not specify them (per the rules). (4) `downStreamRatePerDevice`, `downStreamDelayBudget`, and `upStreamDelayBudget` are correctly set to null since the user did not mention them. All required fields in the schema (`serviceTime`, `serviceArea`, `sliceQosProfile`, and the inner required fields) are present. The argument types are correct (integer for value, string for unit). The only minor note is that the unit 'kbps' is valid per the enum ['bps', 'kbps', 'Mbps', 'Gbps', 'Tbps']. Everything is properly aligned with the user's intent and the tool's expected input schema.
]
"
True,0.85,"[
	The agent correctly selected the 'create_session' tool, which is the appropriate tool for deploying a network slice reservation. The parameters were well-constructed: maxNumOfDevices set to 1800 as specified, latency set to 150 with unit 'Milliseconds' (correctly using ms as the unit since the user provided 'ms'), serviceTime and serviceArea correctly set to null since the user didn't specify them, and downStreamRatePerDevice/upStreamRatePerDevice correctly set to null. The only minor consideration is that the user said 'latency tolerance of 150 ms' which is somewhat ambiguous about whether it applies to both downstream and upstream delay budgets or just one. The agent applied it to both, which is a reasonable interpretation. A slight deduction because one could argue the user's generic 'latency' mention might warrant clarification, but applying it symmetrically to both directions is a defensible default.
	The agent correctly called `create_session` with well-structured arguments that largely match the user's request and the tool's expected schema. Specifically: (1) `maxNumOfDevices` is correctly set to 1800 as requested. (2) `serviceTime` and `serviceArea` are correctly set to null since the user didn't specify them, following the rules. (3) `downStreamRatePerDevice` and `upStreamRatePerDevice` are correctly null since no throughput was specified. (4) The delay budget value of 150 with unit 'Milliseconds' is correct — the user said '150 ms', and the unit 'ms' maps to 'Milliseconds'. (5) The agent applied the latency tolerance to both `downStreamDelayBudget` and `upStreamDelayBudget`, which is a reasonable interpretation of 'latency tolerance' since the user didn't specify direction. However, this is a slight assumption — the user said 'latency tolerance of 150 ms' without specifying upstream vs downstream, so applying it to both is defensible but could be seen as slightly over-interpreting. All argument types, formats, and structures match the tool's input schema correctly. The minor deduction is for the assumption that a single latency value applies to both directions, though this is a reasonable default interpretation.
]
"
True,0.95,"[
	The agent correctly selected the 'create_session' tool, which is the only appropriate tool for creating a network slice reservation. The arguments were properly constructed: maxNumOfDevices set to 900, upStreamRatePerDevice set to {value: 400, unit: 'kbps'}, and all unspecified fields (serviceTime, serviceArea, downStreamRatePerDevice, downStreamDelayBudget, upStreamDelayBudget) correctly set to null. The agent followed all the rules: it reused the user-provided unit 'kbps' without asking, didn't fabricate any values, and only populated fields explicitly mentioned by the user.
	The agent correctly called `create_session` with well-formed arguments that match the tool's expected input schema. Specifically: (1) `serviceTime` is null, which is correct since the user didn't specify any service time. (2) `serviceArea` is null, correct since no area was specified. (3) `maxNumOfDevices` is set to 900, matching the user's request for 900 devices. (4) `upStreamRatePerDevice` has value 400 and unit 'kbps', correctly reflecting the user's '400 kbps' uplink rate specification. (5) `downStreamRatePerDevice`, `downStreamDelayBudget`, and `upStreamDelayBudget` are all null, which is appropriate since the user didn't specify these values. All argument types match the schema expectations (integers for numeric values, strings for units, nulls for unspecified fields). The structure follows the required nesting with `body` containing `serviceTime`, `serviceArea`, and `sliceQosProfile`. The only minor note is that the null fields within sliceQosProfile are explicitly set to null rather than omitted, but this is acceptable and arguably more explicit. Everything aligns perfectly with the user's request.
]
"
True,0.85,"[
	The agent correctly selected the 'create_session' tool, which is the appropriate tool for provisioning a network slice. The arguments were well-constructed: maxNumOfDevices set to 1300 as specified, downStreamDelayBudget set to 200 with unit 'Milliseconds' (correctly interpreting 'ms' as Milliseconds per rule 6), and all unspecified fields (serviceTime, serviceArea, upStreamRatePerDevice, downStreamRatePerDevice, upStreamDelayBudget) correctly set to null following the rules. The only minor consideration is that 'packet delay budget' could arguably apply to both downstream and upstream delay budgets, but the agent's interpretation of mapping it to downStreamDelayBudget is a reasonable default. Overall, the tool selection and parameter population were appropriate and followed the stated rules.
	The agent correctly called `create_session` with well-structured arguments that largely match the user's request and the tool's expected schema. Specifically: (1) `maxNumOfDevices` is correctly set to 1300 as requested. (2) `downStreamDelayBudget` is set to `{""value"": 200, ""unit"": ""Milliseconds""}`, which is appropriate since the user specified '200 ms' — the unit 'ms' maps correctly to 'Milliseconds'. (3) `serviceTime` and `serviceArea` are correctly set to null since the user didn't specify them, following the rules. (4) `downStreamRatePerDevice` and `upStreamRatePerDevice` are correctly null since no throughput was specified. (5) `upStreamDelayBudget` is null, which is reasonable. However, there is a notable issue: the user said 'packet delay budget of 200 ms' without specifying whether it's downstream or upstream. The agent only populated `downStreamDelayBudget` but left `upStreamDelayBudget` as null. A more accurate interpretation of a generic 'packet delay budget' might be to apply it to both downstream and upstream delay budgets, since the user didn't distinguish between them. This is a semantic mismatch — the agent made an assumption about directionality that wasn't explicitly stated by the user. The types, formats, and structure of all arguments are correct and match the tool's input schema.
]
"
True,0.95,"[
	The agent correctly selected the 'create_session' tool, which is the appropriate tool for establishing a network slice reservation. The arguments were properly constructed: maxNumOfDevices set to 2400, upStreamRatePerDevice set to {value: 500, unit: 'kbps'}, and all unspecified fields (serviceTime, serviceArea, downStreamRatePerDevice, downStreamDelayBudget, upStreamDelayBudget) correctly set to null. The agent followed all the rules: it used the user-provided unit 'kbps' without asking, didn't fabricate any values, and only populated fields explicitly mentioned by the user.
	The agent correctly called `create_session` with well-formed arguments that align with the user's request. Specifically: (1) `maxNumOfDevices` was set to 2400, matching the user's specification of 2400 devices. (2) `upStreamRatePerDevice` was set to `{""value"": 500, ""unit"": ""kbps""}`, correctly reflecting the user's '500 kbps' uplink rate with the unit properly recognized and passed. (3) `serviceTime` and `serviceArea` were correctly set to null since the user did not specify them, following the rules. (4) `downStreamRatePerDevice`, `downStreamDelayBudget`, and `upStreamDelayBudget` were correctly set to null since the user did not mention them. All argument types match the expected schema: integers for numeric values, strings for units, and null for unspecified optional fields. The structure of the body object matches the `create_session` input schema with all required fields present. The only minor consideration is that the tool schema shows `required: ['maxNumOfDevices', 'downStreamRatePerDevice', 'upStreamRatePerDevice', 'downStreamDelayBudget', 'upStreamDelayBudget']` for sliceQosProfile, and the agent passed null for the non-specified ones, which is acceptable since the schema allows null types for these fields.
]
"
True,0.95,"[
	The agent correctly selected the 'create_session' tool, which is the only appropriate tool for creating a network slice reservation. The arguments were well-constructed: downstream rate was set to 220 Mbps (matching the user's specification with unit included), downstream delay budget was set to 15 Milliseconds (correctly interpreting 'latency under 15 ms' and applying the rule that 'ms' maps to Milliseconds), and all unspecified fields (serviceTime, serviceArea, maxNumOfDevices, upStreamRatePerDevice, upStreamDelayBudget) were correctly left as null per the rules. The agent did not fabricate any values and did not unnecessarily ask for clarification since units were provided. The only minor consideration is that the user said 'latency under 15 ms' which could arguably apply to both downstream and upstream delay budgets, but mapping it only to downstream delay budget is a reasonable interpretation given the context of downstream rates being specified.
	The agent correctly called `create_session` with well-formed arguments that align with the user's request. Specifically: (1) `downStreamRatePerDevice` was set to `{""value"": 220, ""unit"": ""Mbps""}`, matching the user's '220 Mbps' downstream requirement. (2) `downStreamDelayBudget` was set to `{""value"": 15, ""unit"": ""Milliseconds""}`, correctly interpreting 'latency under 15 ms' with the proper unit (rule 6: assume Milliseconds when unit is given as 'ms', which maps to 'Milliseconds'). (3) `serviceTime` and `serviceArea` are correctly null since the user didn't specify them (rule 5). (4) `maxNumOfDevices` is null since no device count was mentioned (rule 3). (5) `upStreamRatePerDevice` and `upStreamDelayBudget` are null since the user didn't specify upstream requirements (rule 8). All argument types match the expected schema: integers for values, strings for units, null for unspecified fields. The structure follows the required `body` wrapper with all required fields present. The only minor consideration is that the user said 'latency under 15 ms' which could arguably apply to both downstream and upstream delay budgets, but since the user specifically mentioned downstream rates, interpreting the latency as downstream-only is a reasonable interpretation.
]
"
True,0.9,"[
	The agent correctly selected the 'create_session' tool, which is the appropriate tool for provisioning a network slice. The arguments were well-formed: maxNumOfDevices set to 300 as specified, downStreamRatePerDevice set to 140 Mbps matching the user's request, and all unspecified fields (serviceTime, serviceArea, upStreamRatePerDevice, downStreamDelayBudget, upStreamDelayBudget) correctly set to null following the rules. The unit 'Mbps' was correctly reused from the user's input without asking again. The tool selection and parameter population were appropriate and aligned with the user's request and the system rules.
	The agent correctly called `create_session` with well-formed arguments that align with the user's request. Specifically: (1) `maxNumOfDevices` was set to 300, matching the user's specification of 300 devices. (2) `downStreamRatePerDevice` was set to `{""value"": 140, ""unit"": ""Mbps""}`, correctly capturing the user's '140 Mbps' downstream rate with the unit already provided. (3) `serviceTime` and `serviceArea` were correctly set to `null` since the user did not specify them, following the rules. (4) `upStreamRatePerDevice`, `downStreamDelayBudget`, and `upStreamDelayBudget` were set to `null`, which is appropriate since the user did not mention these values. All argument types match the expected schema (integer for value, string for unit, null for unspecified fields). The only minor concern is that the schema shows `required` fields within `sliceQosProfile` include all five properties, and the agent passed `null` for unspecified ones, which should be acceptable given the schema allows null types. The arguments are well-structured, correctly typed, and semantically aligned with the user's request.
]
"
True,0.85,"[
	The agent correctly selected the 'create_session' tool, which is the appropriate tool for establishing a network slice reservation. The parameters were well-constructed: maxNumOfDevices set to 500 as specified, downStreamDelayBudget set to value 25 with unit 'Milliseconds' (correctly interpreting 'ms' as milliseconds per rule 6), and unspecified fields (serviceTime, serviceArea, upStreamRatePerDevice, downStreamRatePerDevice, upStreamDelayBudget) correctly set to null following the rules. The only minor issue is that 'packet delay budget' could arguably apply to both downstream and upstream delay budgets, but the agent only set the downstream delay budget. This is a reasonable interpretation but could be seen as slightly incomplete. Overall, the tool selection and parameter population were appropriate and followed the stated rules.
	The agent correctly called `create_session` with well-structured arguments that largely match the user's request and the tool's expected schema. Specifically: (1) `maxNumOfDevices` is correctly set to 500 as requested. (2) `downStreamDelayBudget` has value 25 with unit 'Milliseconds', which is appropriate since the user said '25 ms' — the agent correctly interpreted 'ms' as Milliseconds. (3) `serviceTime` and `serviceArea` are correctly null since the user didn't specify them. (4) `downStreamRatePerDevice` and `upStreamRatePerDevice` are correctly null since no throughput was mentioned. (5) `upStreamDelayBudget` is null, which is reasonable since the user said 'packet delay budget' without specifying upstream vs downstream. However, a minor concern is that the user said 'packet delay budget' generically (which could imply both upstream and downstream), but the agent only populated `downStreamDelayBudget` and left `upStreamDelayBudget` as null. This is a reasonable interpretation but could be seen as incomplete — the user might have intended both directions. The argument types, formats, and structure all match the tool's input schema correctly.
]
"
True,0.75,"[
	The agent correctly selected the 'create_session' tool, which is the appropriate tool for deploying a network slice reservation. The parameters were well-constructed: maxNumOfDevices set to 700 as specified, latency (delay budget) set to 4 with unit 'Milliseconds' (correctly inferred from 'ms'), serviceTime and serviceArea correctly set to null since the user didn't specify them, and downstream/upstream rate values correctly set to null since no throughput was mentioned. The only minor issue is that the downstream and upstream rate objects have explicit null values for both value and unit rather than being set to null entirely, but this is a very minor structural choice that likely doesn't affect functionality. The tool selection was perfect - create_session is the only appropriate tool for this request.
	The agent correctly called `create_session` with well-structured arguments that mostly align with the user's request and the tool's expected schema. Specifically: (1) `maxNumOfDevices` is correctly set to 700 as requested. (2) `serviceTime` and `serviceArea` are correctly null since the user didn't specify them. (3) The latency/delay budget values are set to 4 with unit 'Milliseconds', which correctly follows rule 6 (the user said 'ms', which is an explicit unit, and 'Milliseconds' is the correct enum value). (4) Both `downStreamDelayBudget` and `upStreamDelayBudget` are set to 4ms — this is a reasonable interpretation of 'latency capped at 4 ms' applying to both directions. However, there are issues: (5) `downStreamRatePerDevice` and `upStreamRatePerDevice` are passed as objects with `{value: null, unit: null}` rather than being set to `null` directly. Per rule 8, fields not specified by the user should stay null. While the schema allows null for these fields at the top level, passing an object with null value/unit is not the same as passing null — it could cause validation issues or unintended behavior. The more correct approach would be to pass `null` for these rate fields entirely rather than constructing objects with null internals.
]
"
True,0.85,"[
	The agent correctly selected the 'create_session' tool, which is the appropriate tool for creating a network slice reservation. The arguments were well-constructed: upStreamRatePerDevice was set to {value: 30, unit: 'Mbps'} matching the user's request, and the packet delay budget was mapped to upStreamDelayBudget with {value: 2, unit: 'Milliseconds'} which correctly follows the rule about assuming milliseconds (though the user did specify 'ms', which is milliseconds anyway). Fields not specified by the user (serviceTime, serviceArea, maxNumOfDevices, downStreamRatePerDevice, downStreamDelayBudget) were correctly set to null. The only minor consideration is that 'packet delay budget' is somewhat ambiguous — it could apply to both upstream and downstream, but given the context of 'synchronized robotic welding' with uplink emphasis, mapping it to upStreamDelayBudget is a reasonable interpretation. A slightly more cautious approach might have been to ask the user whether the delay budget applies to upstream, downstream, or both, but the agent's choice is defensible given the context.
	The agent correctly called `create_session` with well-structured arguments that largely match the user's request and the tool's expected schema. Specifically: (1) `serviceTime` and `serviceArea` are correctly set to null since the user didn't specify them, following the rules. (2) `upStreamRatePerDevice` is correctly set to `{""value"": 30, ""unit"": ""Mbps""}`, matching the user's '30 Mbps' uplink rate. (3) `maxNumOfDevices`, `downStreamRatePerDevice`, and `downStreamDelayBudget` are correctly null since the user didn't specify them. (4) The unit 'Mbps' is correctly reused from the user's input without asking again. However, there is one issue: the user said 'packet delay budget of 2 ms' without specifying upstream vs downstream. The agent mapped it only to `upStreamDelayBudget`, which is a reasonable interpretation given the context of robotic welding with uplink focus, but the user's request for 'packet delay budget' could arguably apply to both directions or be ambiguous. The agent's choice to apply it only to upstream is defensible but not definitively correct. The unit 'Milliseconds' is correctly applied since the user specified 'ms'. All argument types, formats, and structures match the tool's expected input schema.
]
"
True,0.75,"[
	The agent correctly selected the 'create_session' tool, which is the appropriate tool for provisioning a network slice. The parameters were mostly well-constructed: maxNumOfDevices=1600 matches the user's request, and the latency of 180ms was correctly set with unit 'Milliseconds' (the user provided 'ms' so the unit was correctly interpreted). The serviceTime and serviceArea were correctly set to null per the rules. The downStreamRatePerDevice and upStreamRatePerDevice were correctly set to null since the user didn't specify throughput. One minor concern is that the user said 'latency tolerance of 180 ms' without specifying upstream vs downstream separately, and the agent applied it to both downStreamDelayBudget and upStreamDelayBudget, which is a reasonable interpretation but could be debated. Overall, the tool selection was correct and the parameterization was appropriate.
	The agent correctly called `create_session` with well-formed arguments that mostly align with the user's request and the tool's expected schema. Specifically: (1) `maxNumOfDevices` is correctly set to 1600 as requested. (2) `serviceTime` and `serviceArea` are correctly set to null since the user didn't specify them. (3) `downStreamRatePerDevice` and `upStreamRatePerDevice` are correctly null since no throughput was mentioned. (4) The delay budget value of 180 with unit 'Milliseconds' is correct — the user said '180 ms', and the unit matches the expected enum value. However, the agent set both `downStreamDelayBudget` and `upStreamDelayBudget` to 180 ms. The user mentioned a general 'latency tolerance of 180 ms' without specifying direction. Setting both directions to the same value is a reasonable interpretation, but it could be argued that the agent is fabricating a value for one direction when the user only mentioned a single latency tolerance. Per rule 8 ('All fields stay null unless the user specifies them, never fabricate values'), a stricter interpretation would leave both as the same value (which is what was done) or potentially leave them null if the user's intent was ambiguous. Since the user's statement is general and applies to latency overall, applying it to both directions is a defensible choice but slightly beyond what was explicitly stated. The argument types, formats, and structure all match the tool's expected input schema correctly.
]
"
True,0.95,"[
	The agent correctly selected the 'create_session' tool, which is the only appropriate tool for establishing a new network slice reservation. The arguments were properly constructed: maxNumOfDevices set to 1100 as specified, upStreamRatePerDevice set to {value: 600, unit: 'kbps'} matching the user's request, and all unspecified fields (serviceTime, serviceArea, downStreamRatePerDevice, downStreamDelayBudget, upStreamDelayBudget) correctly set to null following the rules. The unit 'kbps' was correctly reused from the user's input without asking for clarification, adhering to rule 4. No unnecessary tools were called.
	The agent correctly called `create_session` with well-formed arguments that align with the user's request. Specifically: (1) `maxNumOfDevices` is set to 1100, matching the user's specification of 1100 devices. (2) `upStreamRatePerDevice` is set to `{""value"": 600, ""unit"": ""kbps""}`, correctly reflecting the user's request for 600 kbps uplink rates, with the unit properly recognized and passed. (3) `serviceTime` and `serviceArea` are correctly set to null, as the user did not specify them (per rule 5). (4) `downStreamRatePerDevice`, `downStreamDelayBudget`, and `upStreamDelayBudget` are correctly set to null since the user did not mention them (per rule 8). All argument types match the expected schema: integers for numeric values, strings for units, and null for unspecified optional fields. The structure of the `body` object conforms to the `CreateSession` schema with all required fields present. The only minor note is that the tool expects the body's required fields (`serviceTime`, `serviceArea`, `sliceQosProfile`) to be present, and they are. The slight deduction is because the schema shows `sliceQosProfile` fields like `downStreamRatePerDevice` etc. are required within the profile object, and while passing null for them is semantically correct per the rules, the schema technically requires them to be present (which they are, as null values), so this is acceptable.
]
"
True,0.7,"[
	The agent correctly chose the 'create_session' tool, which is the appropriate tool for deploying a network slice. The parameters were mostly well-constructed: upStreamRatePerDevice was correctly set to 350 Mbps, serviceTime and serviceArea were correctly null, and maxNumOfDevices was correctly null since the user didn't specify a count. However, there's a notable issue with how latency was handled. The user said 'latency of 20 ms' without specifying upstream or downstream specifically. The agent only populated upStreamDelayBudget with 20ms and left downStreamDelayBudget as null. While the context of 'mobile mapping vehicles' with high uplink suggests upstream is primary, a general 'latency' mention could reasonably apply to both directions. This is a judgment call, but setting only upstream delay is a reasonable interpretation given the uplink-focused use case. The unit 'Milliseconds' was correctly applied since the user specified 'ms'. Overall, the tool selection was correct, but the interpretation of the latency parameter could have been more comprehensive by applying it to both delay budgets.
	The agent correctly populated upStreamRatePerDevice with value 350 and unit 'Mbps', matching the user's request. The serviceTime and serviceArea are correctly set to null since the user didn't specify them. maxNumOfDevices is correctly null since no specific count was given. downStreamRatePerDevice is correctly null. However, the latency handling is partially problematic: the user said 'latency of 20 ms' without specifying upstream vs downstream direction. The agent only populated upStreamDelayBudget (value: 20, unit: 'Milliseconds') and left downStreamDelayBudget as null. While it's reasonable to associate latency with the upstream direction given the context of uplink-heavy mobile mapping, a more complete interpretation would set both upstream and downstream delay budgets to 20 ms since the user said 'latency' generically. The unit 'Milliseconds' is correct per rule 6 (ms was provided, and Milliseconds is the correct mapping). The argument structure matches the expected schema with proper types and format. The body object includes all required fields (serviceTime, serviceArea, sliceQosProfile) and the sliceQosProfile includes all required sub-fields.
]
"
True,0.85,"[
	The agent correctly selected the 'create_session' tool, which is the appropriate tool for creating a network slice reservation. The parameters were mostly well-constructed: maxNumOfDevices=90, serviceTime=null, serviceArea=null, downStreamRatePerDevice=null, upStreamRatePerDevice=null are all correct per the rules. The delay budget value of 3 with unit 'Milliseconds' is correct since the user specified 'ms'. However, the user said 'packet delay budget of 3 ms' without specifying upstream vs downstream separately. The agent applied it to both downStreamDelayBudget and upStreamDelayBudget, which is a reasonable interpretation but could be debated — the user mentioned a single 'packet delay budget' which could mean both directions. This is a minor concern. Overall, the tool selection was correct and the only available tool for this task.
	The agent called `create_session` with arguments that are mostly well-formed and aligned with the user's request. Specifically: (1) `maxNumOfDevices` is correctly set to 90, matching the user's request. (2) `serviceTime` and `serviceArea` are correctly set to null since the user didn't specify them. (3) `downStreamRatePerDevice` and `upStreamRatePerDevice` are correctly null since no throughput was mentioned. (4) The delay budget value of 3 with unit 'Milliseconds' is correct — the user said '3 ms', and the unit mapping is appropriate. However, the user said 'packet delay budget of 3 ms' without specifying whether it applies to downstream, upstream, or both. The agent applied it to both `downStreamDelayBudget` and `upStreamDelayBudget`, which is a reasonable interpretation but could be seen as slightly over-interpreting the request. This is a minor issue since applying a general 'packet delay budget' to both directions is a sensible default. All argument types, structures, and formats match the expected schema. The body structure correctly includes all required fields (`serviceTime`, `serviceArea`, `sliceQosProfile`) and the `sliceQosProfile` includes all its required sub-fields.
]
"
True,0.95,"[
	The agent correctly selected the 'create_session' tool, which is the appropriate tool for provisioning a network slice. The arguments were properly constructed: maxNumOfDevices set to 2000 as specified, upStreamRatePerDevice set to {value: 500, unit: 'kbps'} matching the user's request, and all unspecified fields (serviceTime, serviceArea, downStreamRatePerDevice, downStreamDelayBudget, upStreamDelayBudget) correctly set to null following the rules. The unit 'kbps' was correctly reused from the user's input without asking for clarification. No unnecessary tool calls were made, and no better tool was available for this task.
	The agent correctly called `create_session` with well-formed arguments that align with the user's request. Specifically: (1) `maxNumOfDevices` was set to 2000, matching the user's specification of 2000 devices. (2) `upStreamRatePerDevice` was set to `{""value"": 500, ""unit"": ""kbps""}`, correctly reflecting the user's request for 500 kbps uplink rates, with the unit properly recognized and passed. (3) `serviceTime` and `serviceArea` were correctly set to null, as the user did not specify them (following rule 5). (4) `downStreamRatePerDevice`, `downStreamDelayBudget`, and `upStreamDelayBudget` were correctly set to null since the user did not mention them (following rule 8). All argument types match the expected schema: integers for numeric values, strings for units, and null for unspecified optional fields. The structure of the `body` object conforms to the `create_session` input schema with all required fields present. The only minor consideration is that the value 500 is within the allowed range (0-1024) for the rate value field. Everything is well-aligned with the user's intent and the tool's expected inputs.
]
"
